source_id,url,fetched_at,http_status,content_type,content_length,content_sha256,etag,last_modified,outcome,raw_ref,reason,warnings
fsa.fhrs.ratings,https://ratings.food.gov.uk/api/open-data-files/FHRS021en-GB.xml,2026-09-14T05:11:11Z,200,text/xml,4670841,fd4fc832ca2bb15f2ed3f209a77e9e8a4bef3bef0d1c6b36790d6c8365b73eb5,"""6ek8gizdbg2s41b""",,first_capture,raw/fsa.fhrs.ratings/2026/09/20260914T051111Z-fd4fc832ca2b.xml.gz,,
fsa.fhrs.ratings,https://ratings.food.gov.uk/api/open-data-files/FHRS027en-GB.xml,2026-09-14T05:13:16Z,200,text/xml,1475447,4c55d85f2707325bc2dcae10a4111bc339107b26262a2a6b5362f6e06252e1db,"""6h559jzq4yvmfs""",,first_capture,raw/fsa.fhrs.ratings/2026/09/20260914T051316Z-4c55d85f2707.xml.gz,,
fsa.fhrs.ratings,https://ratings.food.gov.uk/api/open-data-files/FHRS028en-GB.xml,2026-09-14T05:13:17Z,200,text/xml,786953,9d3722c5cc2feafc197b37bfd9103b289c52f2e7c9bdb7b5d1a79fb39173724e,"""17yylu91wtrgv7t""",,first_capture,raw/fsa.fhrs.ratings/2026/09/20260914T051317Z-9d3722c5cc2f.xml.gz,,
fsa.fhrs.ratings,https://ratings.food.gov.uk/api/open-data-files/FHRS029en-GB.xml,2026-09-14T05:13:19Z,200,text/xml,742277,9b6ed1e400ae560fbe141bf161a49ae0478203c5f87186c726087d74485c2f8d,"""cfs4uiusprfwqt""",,first_capture,raw/fsa.fhrs.ratings/2026/09/20260914T051319Z-9b6ed1e400ae.xml.gz,,
fsa.fhrs.ratings,https://ratings.food.gov.uk/api/open-data-files/FHRS030en-GB.xml,2026-09-14T05:13:22Z,200,text/xml,1525351,ce020465e0c46212383c7f7bddacf1f6cecb8a4320a60d6a4daf7ab964480482,"""t4zngqx05hwowy""",,first_capture,raw/fsa.fhrs.ratings/2026/09/20260914T051322Z-ce020465e0c4.xml.gz,,
fsa.fhrs.ratings,https://ratings.food.gov.uk/api/open-data-files/FHRS032en-GB.xml,2026-09-14T05:13:25Z,200,text/xml,1291126,69a4fc5d29e814737e6d8d2df494edae7d2f958695668f200cda91caca4c5530,"""samqtqly0iro78""",,first_capture,raw/fsa.fhrs.ratings/2026/09/20260914T051325Z-69a4fc5d29e8.xml.gz,,
fsa.fhrs.ratings,https://ratings.food.gov.uk/api/open-data-files/FHRS055en-GB.xml,2026-09-14T05:13:27Z,200,text/xml,2755819,f32ba54e9c72c7a02c900e7ad675b8abd1a7ccbeb757ae97e4e518c9dc4d517d,"""9qih1hj80u1n2e8""",,first_capture,raw/fsa.fhrs.ratings/2026/09/20260914T051327Z-f32ba54e9c72.xml.gz,,
fsa.fhrs.ratings,https://ratings.food.gov.uk/api/open-data-files/FHRS056en-GB.xml,2026-09-14T05:13:30Z,200,text/xml,3199044,2063fa15b1c60b35db028f0bfc59163acfecae8cacb1cc0721299c7170a77c14,"""ee0eiif8vu1wkdr""",,first_capture,raw/fsa.fhrs.ratings/2026/09/20260914T051330Z-2063fa15b1c6.xml.gz,,
fsa.fhrs.ratings,https://ratings.food.gov.uk/api/open-data-files/FHRS062en-GB.xml,2026-09-14T05:13:34Z,200,text/xml,1027718,ff66c1302f12b80fd8c26f0a337deefa541d3a7286a7a5e20262352f6dde77fa,"""w45vts9ed0m0zp""",,first_capture,raw/fsa.fhrs.ratings/2026/09/20260914T051334Z-ff66c1302f12.xml.gz,,
fsa.fhrs.ratings,https://ratings.food.gov.uk/api/open-data-files/FHRS063en-GB.xml,2026-09-14T05:13:36Z,200,text/xml,725143,2390d14d28f3d9c3c33eb8e16bacebcd089e7a08504bb493af80222300c08f08,"""lw1utwtdnffjis""",,first_capture,raw/fsa.fhrs.ratings/2026/09/20260914T051336Z-2390d14d28f3.xml.gz,,
fsa.fhrs.ratings,https://ratings.food.gov.uk/api/open-data-files/FHRS064en-GB.xml,2026-09-14T05:13:39Z,200,text/xml,945372,7251d5f6da0cc08b3a435b6a1bdb65179676f07bbdbf7ce67f73ccf978aa350c,"""10dxdq8grapk9gb""",,first_capture,raw/fsa.fhrs.ratings/2026/09/20260914T051339Z-7251d5f6da0c.xml.gz,,
fsa.fhrs.ratings,https://ratings.food.gov.uk/api/open-data-files/FHRS066en-GB.xml,2026-09-14T05:13:41Z,200,text/xml,905080,26446b586bffe9b6398941e0c9d0c9ff7a853db13e825be54f01f6e243f26ef6,"""15wdpbpj1yqjed4""",,first_capture,raw/fsa.fhrs.ratings/2026/09/20260914T051341Z-26446b586bff.xml.gz,,
fsa.fhrs.ratings,https://ratings.food.gov.uk/api/open-data-files/FHRS067en-GB.xml,2026-09-14T05:13:44Z,200,text/xml,880878,482c024751d401ba175ccd5dee4182aa111bd2c3bcf17955f9361f244cb9541c,"""lkh49woxhxivoa""",,first_capture,raw/fsa.fhrs.ratings/2026/09/20260914T051344Z-482c024751d4.xml.gz,,
fsa.fhrs.ratings,https://ratings.food.gov.uk/api/open-data-files/FHRS068en-GB.xml,2026-09-14T05:13:47Z,200,text/xml,821067,e0788f4914dadbbbb72ae2647c216ef97c406b509f9eeaebe7e5fe82a52fe757,"""ylvko86peehlje""",,first_capture,raw/fsa.fhrs.ratings/2026/09/20260914T051347Z-e0788f4914da.xml.gz,,
fsa.fhrs.ratings,https://ratings.food.gov.uk/api/open-data-files/FHRS069en-GB.xml,2026-09-14T05:13:49Z,200,text/xml,862861,b4960f0969de2935d9ac67f2df4dc350363f588124cb5b65613cfdcab4c50ed7,"""bl2f66assxihsc""",,first_capture,raw/fsa.fhrs.ratings/2026/09/20260914T051349Z-b4960f0969de.xml.gz,,
fsa.fhrs.ratings,https://ratings.food.gov.uk/api/open-data-files/FHRS070en-GB.xml,2026-09-14T05:13:52Z,200,text/xml,934129,3d6c1bdfda2e875c9aa1b8bbdb1dc44f6d027ee69a7dda5b396672a3ea42c797,"""1547th02e90k0s1""",,first_capture,raw/fsa.fhrs.ratings/2026/09/20260914T051352Z-3d6c1bdfda2e.xml.gz,,
fsa.fhrs.ratings,https://ratings.food.gov.uk/api/open-data-files/FHRS072en-GB.xml,2026-09-14T05:13:54Z,200,text/xml,1514955,f54ee074195ba935f2f5dbbf1789aab7b6c9673aee452c0eaedea41e1548e20e,"""6mann1wq5owgy2""",,first_capture,raw/fsa.fhrs.ratings/2026/09/20260914T051354Z-f54ee074195b.xml.gz,,
fsa.fhrs.ratings,https://ratings.food.gov.uk/api/open-data-files/FHRS073en-GB.xml,2026-09-14T05:13:57Z,200,text/xml,1134879,aa6f92c4095b968b49235180ff7955d2bc494188a22e60c3d10809d51d79bcd2,"""uvv9qkdbcqobob""",,first_capture,raw/fsa.fhrs.ratings/2026/09/20260914T051357Z-aa6f92c4095b.xml.gz,,
fsa.fhrs.ratings,https://ratings.food.gov.uk/api/open-data-files/FHRS074en-GB.xml,2026-09-14T05:14:00Z,200,text/xml,736146,bf3c8efe16b19b8f4de192d3f9909af5a69675db8cc3a9ec41c24ac4a3db2f7d,"""3krfxgf9yofs0i""",,first_capture,raw/fsa.fhrs.ratings/2026/09/20260914T051400Z-bf3c8efe16b1.xml.gz,,
fsa.fhrs.ratings,https://ratings.food.gov.uk/api/open-data-files/FHRS075en-GB.xml,2026-09-14T05:14:02Z,200,text/xml,1480434,3319b32fd26be92968433c26e36578a4ce50f558e41a833f9c23cd6409c1a2d9,"""m78yhik7advqb1""",,first_capture,raw/fsa.fhrs.ratings/2026/09/20260914T051402Z-3319b32fd26b.xml.gz,,
fsa.fhrs.ratings,https://ratings.food.gov.uk/api/open-data-files/FHRS077en-GB.xml,2026-09-14T05:14:05Z,200,text/xml,1040387,606a5760d3f8267dabad71b5e682951091636d9eb5cca55d1372798b67eb72e0,"""sv2vj2rqozmarc""",,first_capture,raw/fsa.fhrs.ratings/2026/09/20260914T051405Z-606a5760d3f8.xml.gz,,
fsa.fhrs.ratings,https://ratings.food.gov.uk/api/open-data-files/FHRS078en-GB.xml,2026-09-14T05:14:08Z,200,text/xml,1242359,a9ab5013a5fcc048c8d20cf8b952612ad55d3a9d6c1fdfec7700f6b40650d2ac,"""y2gyidbqulqmlz""",,first_capture,raw/fsa.fhrs.ratings/2026/09/20260914T051408Z-a9ab5013a5fc.xml.gz,,
fsa.fhrs.ratings,https://ratings.food.gov.uk/api/open-data-files/FHRS080en-GB.xml,2026-09-14T05:14:10Z,200,text/xml,757512,19f198d43866c1016610ae6f17e48db1e4437dc522f430717ed9d2a8cd8d4c77,"""2oc985eugsg8i0""",,first_capture,raw/fsa.fhrs.ratings/2026/09/20260914T051410Z-19f198d43866.xml.gz,,
fsa.fhrs.ratings,https://ratings.food.gov.uk/api/open-data-files/FHRS081en-GB.xml,2026-09-14T05:14:13Z,200,text/xml,595476,75c1afc6d16e97bc319acd6fd33c9b486ed5913b2963ff47817493e6e0ee757f,"""jj7tdvc90crgu""",,first_capture,raw/fsa.fhrs.ratings/2026/09/20260914T051413Z-75c1afc6d16e.xml.gz,,
fsa.fhrs.ratings,https://ratings.food.gov.uk/api/open-data-files/FHRS085en-GB.xml,2026-09-14T05:14:16Z,200,text/xml,4982466,241bdb77d60e1e2d97634fd3d7f2096996d80dcd0983b5f98a5860d8203a1724,"""h5avun0lsh2yscp""",,first_capture,raw/fsa.fhrs.ratings/2026/09/20260914T051416Z-241bdb77d60e.xml.gz,,
fsa.fhrs.ratings,https://ratings.food.gov.uk/api/open-data-files/FHRS102en-GB.xml,2026-09-14T05:14:19Z,200,text/xml,1037177,769c160e2b99d8bc03685ce7325476edbef9bd5c79c5ede4c37b25de38186a2f,"""zmypqjwuwdm89z""",,first_capture,raw/fsa.fhrs.ratings/2026/09/20260914T051419Z-769c160e2b99.xml.gz,,
fsa.fhrs.ratings,https://ratings.food.gov.uk/api/open-data-files/FHRS103en-GB.xml,2026-09-14T05:14:21Z,200,text/xml,906862,ebc4462262419a78b3d8c56105dcdd3b0bf1d347c5e565fc2fd1856bd65b1090,"""15twykfct9pjfqi""",,first_capture,raw/fsa.fhrs.ratings/2026/09/20260914T051421Z-ebc446226241.xml.gz,,
fsa.fhrs.ratings,https://ratings.food.gov.uk/api/open-data-files/FHRS105en-GB.xml,2026-09-14T05:14:24Z,200,text/xml,921935,f6e8c8832999cca2806eec8db08dd16eaf90c5bcc60f8ab08f097b6ba8848341,"""bbc2ihhdlzjrcs""",,first_capture,raw/fsa.fhrs.ratings/2026/09/20260914T051424Z-f6e8c8832999.xml.gz,,
fsa.fhrs.ratings,https://ratings.food.gov.uk/api/open-data-files/FHRS106en-GB.xml,2026-09-14T05:14:26Z,200,text/xml,1009535,8a3e86bfcf3fa108c32e8b28522ed9a16e2a9621eac26ee440d79bb4a3a3fb2b,"""2bytqkaqsmlmy6""",,first_capture,raw/fsa.fhrs.ratings/2026/09/20260914T051426Z-8a3e86bfcf3f.xml.gz,,
fsa.fhrs.ratings,https://ratings.food.gov.uk/api/open-data-files/FHRS107en-GB.xml,2026-09-14T05:14:29Z,200,text/xml,1341246,c09aba7610ebee7b46e93f16524a7aafdd5c26474ff344f2c38bd04dced950a2,"""elufhy5sxdsqvz""",,first_capture,raw/fsa.fhrs.ratings/2026/09/20260914T051429Z-c09aba7610eb.xml.gz,,
fsa.fhrs.ratings,https://ratings.food.gov.uk/api/open-data-files/FHRS109en-GB.xml,2026-09-14T05:14:32Z,200,text/xml,1333816,cd13a6e2fffcd59699ad384294c4582d2104dd55dcaae617adc718fe1d79f338,"""hqv6xs03opsl0u""",,first_capture,raw/fsa.fhrs.ratings/2026/09/20260914T051432Z-cd13a6e2fffc.xml.gz,,
fsa.fhrs.ratings,https://ratings.food.gov.uk/api/open-data-files/FHRS110en-GB.xml,2026-09-14T05:14:34Z,200,text/xml,1249300,09bdd0d652befc38623d6f776c8dfcce83d3cbb0949ea8a3f31c34d25d72c02b,"""nu542um0qwqrys""",,first_capture,raw/fsa.fhrs.ratings/2026/09/20260914T051434Z-09bdd0d652be.xml.gz,,
fsa.fhrs.ratings,https://ratings.food.gov.uk/api/open-data-files/FHRS111en-GB.xml,2026-09-14T05:14:37Z,200,text/xml,744953,03ce133df1d956e8de73f63ae2d6b6a65abf4d5d4af8c9beb25d6b48ec5335e6,"""6v4nhk5ri1fyt3""",,first_capture,raw/fsa.fhrs.ratings/2026/09/20260914T051437Z-03ce133df1d9.xml.gz,,
fsa.fhrs.ratings,https://ratings.food.gov.uk/api/open-data-files/FHRS112en-GB.xml,2026-09-14T05:14:39Z,200,text/xml,546576,73e5d50723965c4c03c9b38ded45abc447c5537c4e998c4852c8daaf09351839,"""1408imljfs3bpqo""",,first_capture,raw/fsa.fhrs.ratings/2026/09/20260914T051439Z-73e5d5072396.xml.gz,,
fsa.fhrs.ratings,https://ratings.food.gov.uk/api/open-data-files/FHRS113en-GB.xml,2026-09-14T05:14:42Z,200,text/xml,1596264,dca0cffe4af2332464253f3700e2880ba59b518a50966092c238cbf11f834d58,"""q4edfddmdky7oo""",,first_capture,raw/fsa.fhrs.ratings/2026/09/20260914T051442Z-dca0cffe4af2.xml.gz,,
fsa.fhrs.ratings,https://ratings.food.gov.uk/api/open-data-files/FHRS114en-GB.xml,2026-09-14T05:14:45Z,200,text/xml,1609223,4d2c3b70b429e2130ba5d3e6bdb5e87783cb6c9490ac9b515d389fd64e8a617c,"""15eznge7avayhon""",,first_capture,raw/fsa.fhrs.ratings/2026/09/20260914T051445Z-4d2c3b70b429.xml.gz,,
fsa.fhrs.ratings,https://ratings.food.gov.uk/api/open-data-files/FHRS115en-GB.xml,2026-09-14T05:14:48Z,200,text/xml,1073524,4df8a8e54f0296f4682b4eb1f23dc9d8ac7c19392ed21668318b29231cca0c2f,"""cwfooaqb4rn0c4""",,first_capture,raw/fsa.fhrs.ratings/2026/09/20260914T051448Z-4df8a8e54f02.xml.gz,,
fsa.fhrs.ratings,https://ratings.food.gov.uk/api/open-data-files/FHRS116en-GB.xml,2026-09-14T05:14:50Z,200,text/xml,678611,fb5c3aba474c5450fd499ffd18c307152b5dc24b6b38f6984ed5c9db773292b9,"""wejyifyhdnejma""",,first_capture,raw/fsa.fhrs.ratings/2026/09/20260914T051450Z-fb5c3aba474c.xml.gz,,
fsa.fhrs.ratings,https://ratings.food.gov.uk/api/open-data-files/FHRS117en-GB.xml,2026-09-14T05:14:53Z,200,text/xml,677574,775851c523bee8e221dde418a33be34787d6cad2bae81fc09ef93ce7981e3246,"""2i8ntez719eiti""",,first_capture,raw/fsa.fhrs.ratings/2026/09/20260914T051453Z-775851c523be.xml.gz,,
fsa.fhrs.ratings,https://ratings.food.gov.uk/api/open-data-files/FHRS118en-GB.xml,2026-09-14T05:14:55Z,200,text/xml,650568,d220625a107db8a5ec78cdba74385f57022417b5a8b8692fd5716c7cf0dda51b,"""cls98hgaagdxzc""",,first_capture,raw/fsa.fhrs.ratings/2026/09/20260914T051455Z-d220625a107d.xml.gz,,
fsa.fhrs.ratings,https://ratings.food.gov.uk/api/open-data-files/FHRS120en-GB.xml,2026-09-14T05:14:58Z,200,text/xml,1311229,935c66801089cb16ebc78c302c52c10dd7bb5fedb0adfbdd8e61716b3952bed6,"""ed91dbf59ms3qv""",,first_capture,raw/fsa.fhrs.ratings/2026/09/20260914T051458Z-935c66801089.xml.gz,,
fsa.fhrs.ratings,https://ratings.food.gov.uk/api/open-data-files/FHRS122en-GB.xml,2026-09-14T05:15:00Z,200,text/xml,822158,1fd75e274b743ada749d896845bb73ffe56574fdce2bb7656186e9c9b45e3a2b,"""ibxyq2y7nhhmdl""",,first_capture,raw/fsa.fhrs.ratings/2026/09/20260914T051500Z-1fd75e274b74.xml.gz,,
fsa.fhrs.ratings,https://ratings.food.gov.uk/api/open-data-files/FHRS124en-GB.xml,2026-09-14T05:15:03Z,200,text/xml,1105886,1f0a764c8307e186175731ff6676c99fb61c5b15f084e6ab77973491b1b63b70,"""y30ob7lh1enpb1""",,first_capture,raw/fsa.fhrs.ratings/2026/09/20260914T051503Z-1f0a764c8307.xml.gz,,
fsa.fhrs.ratings,https://ratings.food.gov.uk/api/open-data-files/FHRS125en-GB.xml,2026-09-14T05:15:05Z,200,text/xml,1105310,e2afb6a1a6f317b13e849917e6db1ca0ca61038a8fc5740dc7a0c625e4b258f7,"""txele16ayenouz""",,first_capture,raw/fsa.fhrs.ratings/2026/09/20260914T051505Z-e2afb6a1a6f3.xml.gz,,
fsa.fhrs.ratings,https://ratings.food.gov.uk/api/open-data-files/FHRS126en-GB.xml,2026-09-14T05:15:09Z,200,text/xml,793048,fd925f0d0c1b31b2bfbd4a26fcc675cfc7399c297c03db9b8843643730be1c98,"""n5wx8sfoi5gzx4""",,first_capture,raw/fsa.fhrs.ratings/2026/09/20260914T051509Z-fd925f0d0c1b.xml.gz,,
fsa.fhrs.ratings,https://ratings.food.gov.uk/api/open-data-files/FHRS127en-GB.xml,2026-09-14T05:15:11Z,200,text/xml,1055144,e91e2aa83ad02ae61d5d4f1feeacddf81c9648c34edb7756c6f43760974de642,"""11imfssz9nxmm5j""",,first_capture,raw/fsa.fhrs.ratings/2026/09/20260914T051511Z-e91e2aa83ad0.xml.gz,,
fsa.fhrs.ratings,https://ratings.food.gov.uk/api/open-data-files/FHRS128en-GB.xml,2026-09-14T05:15:15Z,200,text/xml,1062311,a5a567077d6911a0b48684eef8f94c147a582fa1bb90eff8dcdd5d4415b1472f,"""kzrcybgveomrok""",,first_capture,raw/fsa.fhrs.ratings/2026/09/20260914T051515Z-a5a567077d69.xml.gz,,
fsa.fhrs.ratings,https://ratings.food.gov.uk/api/open-data-files/FHRS129en-GB.xml,2026-09-14T05:15:16Z,200,text/xml,798412,877f7ffefb828e6d6ea9f3e5fa9fbce775b967fa0306cc2a09289b4e2bdbb7cc,"""8yivvo6ftgh422""",,first_capture,raw/fsa.fhrs.ratings/2026/09/20260914T051516Z-877f7ffefb82.xml.gz,,
fsa.fhrs.ratings,https://ratings.food.gov.uk/api/open-data-files/FHRS131en-GB.xml,2026-09-14T05:15:19Z,200,text/xml,1276507,3b32e7b132f4fb8a30392d85ae7e1f44b5e995049a3e79e25706e6899ca358f4,"""15okae4minqrcyh""",,first_capture,raw/fsa.fhrs.ratings/2026/09/20260914T051519Z-3b32e7b132f4.xml.gz,,
fsa.fhrs.ratings,https://ratings.food.gov.uk/api/open-data-files/FHRS132en-GB.xml,2026-09-14T05:15:22Z,200,text/xml,1064081,facc34be3873a655dae3bf4dd2023c82ef0db061450778856075d43030e093b6,"""f3mvv1lkmvmt0i""",,first_capture,raw/fsa.fhrs.ratings/2026/09/20260914T051522Z-facc34be3873.xml.gz,,
fsa.fhrs.ratings,https://ratings.food.gov.uk/api/open-data-files/FHRS133en-GB.xml,2026-09-14T05:15:24Z,200,text/xml,909663,5c1ad28be73242cfcdf9963ed68aafd43c61818b9fbe9d5ae7ec662317982325,"""esqi9svmtkjhwd""",,first_capture,raw/fsa.fhrs.ratings/2026/09/20260914T051524Z-5c1ad28be732.xml.gz,,
fsa.fhrs.ratings,https://ratings.food.gov.uk/api/open-data-files/FHRS134en-GB.xml,2026-09-14T05:15:27Z,200,text/xml,774991,f14412600277325f091b72b1a0dc8001d2130cb8e7fd2b722c4a800e6ccd15d0,"""t5upp1ruc7glzj""",,first_capture,raw/fsa.fhrs.ratings/2026/09/20260914T051527Z-f14412600277.xml.gz,,
fsa.fhrs.ratings,https://ratings.food.gov.uk/api/open-data-files/FHRS135en-GB.xml,2026-09-14T05:15:29Z,200,text/xml,591263,800708710d38c82540bb070b70b9a6bc4c818b01eb428af688628bb0464296bd,"""11fhbxj1li9co7z""",,first_capture,raw/fsa.fhrs.ratings/2026/09/20260914T051529Z-800708710d38.xml.gz,,
fsa.fhrs.ratings,https://ratings.food.gov.uk/api/open-data-files/FHRS136en-GB.xml,2026-09-14T05:15:32Z,200,text/xml,631813,0d327a3aac79a53bf736e92a4854f951bbf96b96d32c1a33d5e44db240f8a140,"""163oyis55mxdjid""",,first_capture,raw/fsa.fhrs.ratings/2026/09/20260914T051532Z-0d327a3aac79.xml.gz,,
fsa.fhrs.ratings,https://ratings.food.gov.uk/api/open-data-files/FHRS137en-GB.xml,2026-09-14T05:15:34Z,200,text/xml,971868,087acdebb4ca73b853eff0d9955f48b0b09224724fdd2a3fb6927c1a77dbe983,"""mel56hncltktvq""",,first_capture,raw/fsa.fhrs.ratings/2026/09/20260914T051534Z-087acdebb4ca.xml.gz,,
fsa.fhrs.ratings,https://ratings.food.gov.uk/api/open-data-files/FHRS138en-GB.xml,2026-09-14T05:15:37Z,200,text/xml,1548542,d687c93a37d731681c49227047a1f8e0213fa9cadd2cc37a082733caa5ef79af,"""1evmyp3wlsx6v2""",,first_capture,raw/fsa.fhrs.ratings/2026/09/20260914T051537Z-d687c93a37d7.xml.gz,,
fsa.fhrs.ratings,https://ratings.food.gov.uk/api/open-data-files/FHRS140en-GB.xml,2026-09-14T05:15:40Z,200,text/xml,700267,83c5609bb680099c3e4320f9df8a5dbf119d87e391232a957e94942b91cb5993,"""ljn4z8ju6zf0bu""",,first_capture,raw/fsa.fhrs.ratings/2026/09/20260914T051540Z-83c5609bb680.xml.gz,,
fsa.fhrs.ratings,https://ratings.food.gov.uk/api/open-data-files/FHRS142en-GB.xml,2026-09-14T05:15:43Z,200,text/xml,1062663,5130a4978618d73617ed2a55031c1ac1029b60f2dfb8ba980d93f1490446d599,"""r7fkeulrkmrye""",,first_capture,raw/fsa.fhrs.ratings/2026/09/20260914T051543Z-5130a4978618.xml.gz,,
fsa.fhrs.ratings,https://ratings.food.gov.uk/api/open-data-files/FHRS143en-GB.xml,2026-09-14T05:15:45Z,200,text/xml,1206193,f3fd59d26c29de2ee39f505060f5445fc4053f2ffcc3f26ff8dc588b2b73df07,"""fegk6mo08gpup9""",,first_capture,raw/fsa.fhrs.ratings/2026/09/20260914T051545Z-f3fd59d26c29.xml.gz,,
fsa.fhrs.ratings,https://ratings.food.gov.uk/api/open-data-files/FHRS145en-GB.xml,2026-09-14T05:15:48Z,200,text/xml,747763,2c39363cbe6d84dd23e332143c087384858396db8c9674e24121918ed2911322,"""mgqfsmuhpxg0z7""",,first_capture,raw/fsa.fhrs.ratings/2026/09/20260914T051548Z-2c39363cbe6d.xml.gz,,
fsa.fhrs.ratings,https://ratings.food.gov.uk/api/open-data-files/FHRS148en-GB.xml,2026-09-14T05:15:50Z,200,text/xml,710926,3da28f7542800d559b06ab7108287b4d45c02c8904829d6017ce0fddee82a538,"""ngcuha7y0bf8jy""",,first_capture,raw/fsa.fhrs.ratings/2026/09/20260914T051550Z-3da28f754280.xml.gz,,
fsa.fhrs.ratings,https://ratings.food.gov.uk/api/open-data-files/FHRS149en-GB.xml,2026-09-14T05:15:53Z,200,text/xml,479407,f18d45b32daf976f9f0b8c1eba7a120370f27a1fb118d3263c0c2af2917b3398,"""a9wt1l06bya9wv""",,first_capture,raw/fsa.fhrs.ratings/2026/09/20260914T051553Z-f18d45b32daf.xml.gz,,
fsa.fhrs.ratings,https://ratings.food.gov.uk/api/open-data-files/FHRS151en-GB.xml,2026-09-14T05:15:55Z,200,text/xml,800613,7ee1b32de0772d9bb80f275c0d4b7a5c60ac1fffb9c5b641aec813e34ee6a19b,"""yiaaw7cfdfh5r9""",,first_capture,raw/fsa.fhrs.ratings/2026/09/20260914T051555Z-7ee1b32de077.xml.gz,,
fsa.fhrs.ratings,https://ratings.food.gov.uk/api/open-data-files/FHRS152en-GB.xml,2026-09-14T05:15:58Z,200,text/xml,1073956,b74120fc0195e5103bc8bb0508778b3c57ddb54be929c2f4a03e612e38dc6989,"""11x11vobwsln0o1""",,first_capture,raw/fsa.fhrs.ratings/2026/09/20260914T051558Z-b74120fc0195.xml.gz,,
fsa.fhrs.ratings,https://ratings.food.gov.uk/api/open-data-files/FHRS153en-GB.xml,2026-09-14T05:16:01Z,200,text/xml,742216,14ea70dc60905680ae70d954103f580b7d84b057c6fd286874428d494293bb9d,"""lsmp38gc02fwp3""",,first_capture,raw/fsa.fhrs.ratings/2026/09/20260914T051601Z-14ea70dc6090.xml.gz,,
fsa.fhrs.ratings,https://ratings.food.gov.uk/api/open-data-files/FHRS155en-GB.xml,2026-09-14T05:16:03Z,200,text/xml,858184,04d622991b0c35508913fae317464b80aa417d79dfd9fe2243f263f5ac9f6427,"""10dldx1pbc7ie6g""",,first_capture,raw/fsa.fhrs.ratings/2026/09/20260914T051603Z-04d622991b0c.xml.gz,,
fsa.fhrs.ratings,https://ratings.food.gov.uk/api/open-data-files/FHRS156en-GB.xml,2026-09-14T05:16:06Z,200,text/xml,1272158,8744d9e837fc8e723b58e3c7e2d7f5d5a070d095b30589ed773c99eb06e33b57,"""164cmnmq5k4r9ku""",,first_capture,raw/fsa.fhrs.ratings/2026/09/20260914T051606Z-8744d9e837fc.xml.gz,,
fsa.fhrs.ratings,https://ratings.food.gov.uk/api/open-data-files/FHRS157en-GB.xml,2026-09-14T05:16:08Z,200,text/xml,1404748,944fbbedff4b133476a3a83ce5e5b7321471cc135fa2be59ab066ea231373a84,"""s8nl2il35uu3wr""",,first_capture,raw/fsa.fhrs.ratings/2026/09/20260914T051608Z-944fbbedff4b.xml.gz,,
fsa.fhrs.ratings,https://ratings.food.gov.uk/api/open-data-files/FHRS158en-GB.xml,2026-09-14T05:16:11Z,200,text/xml,846793,fa5617fba6294b43b7641da9a3c5d9151b1e4549eb29294798c1e55dbf0d9e0b,"""ue0ysy2bl6i5e1""",,first_capture,raw/fsa.fhrs.ratings/2026/09/20260914T051611Z-fa5617fba629.xml.gz,,
fsa.fhrs.ratings,https://ratings.food.gov.uk/api/open-data-files/FHRS159en-GB.xml,2026-09-14T05:16:14Z,200,text/xml,1136880,c3c05c98c9915e12b98ca8b1b3fbfca15132dc8efabf6d6461375371121abdc8,"""13cov8k3ngfod5u""",,first_capture,raw/fsa.fhrs.ratings/2026/09/20260914T051614Z-c3c05c98c991.xml.gz,,
fsa.fhrs.ratings,https://ratings.food.gov.uk/api/open-data-files/FHRS160en-GB.xml,2026-09-14T05:16:16Z,200,text/xml,1251256,329b8088e8d636563380399715b77d221832bfac4c788a298b654d9f3083679c,"""17hkbeldax5qth4""",,first_capture,raw/fsa.fhrs.ratings/2026/09/20260914T051616Z-329b8088e8d6.xml.gz,,
fsa.fhrs.ratings,https://ratings.food.gov.uk/api/open-data-files/FHRS161en-GB.xml,2026-09-14T05:16:19Z,200,text/xml,667455,355482a4f62c6e6519c46a8813dfda072cf4348cc77ce3f2034a598038682131,"""9hy3nwg6pleb0d""",,first_capture,raw/fsa.fhrs.ratings/2026/09/20260914T051619Z-355482a4f62c.xml.gz,,
fsa.fhrs.ratings,https://ratings.food.gov.uk/api/open-data-files/FHRS162en-GB.xml,2026-09-14T05:16:21Z,200,text/xml,654656,65e70930e8abf50a4531932aa23a67d00326bf06f3fe8d657c56948598cc1e8a,"""kthv1jlipoe14w""",,first_capture,raw/fsa.fhrs.ratings/2026/09/20260914T051621Z-65e70930e8ab.xml.gz,,
fsa.fhrs.ratings,https://ratings.food.gov.uk/api/open-data-files/FHRS163en-GB.xml,2026-09-14T05:16:24Z,200,text/xml,1007621,84b2eecf2f6b40da19ebdabeb129a6876f6cb2b883c174160b6e55f579b78654,"""sstgahxujtllhb""",,first_capture,raw/fsa.fhrs.ratings/2026/09/20260914T051624Z-84b2eecf2f6b.xml.gz,,
fsa.fhrs.ratings,https://ratings.food.gov.uk/api/open-data-files/FHRS164en-GB.xml,2026-09-14T05:16:27Z,200,text/xml,749978,9f3acfd49fe00e91f4063f2ebc9c6cc66c4a168762528b2e42438284bf44680a,"""kyvf5xqf3gg2oo""",,first_capture,raw/fsa.fhrs.ratings/2026/09/20260914T051627Z-9f3acfd49fe0.xml.gz,,
fsa.fhrs.ratings,https://ratings.food.gov.uk/api/open-data-files/FHRS179en-GB.xml,2026-09-14T05:16:29Z,200,text/xml,1176931,f38085adcd39b1763d93c51e45176eaeb22c4d9983eec309ee831469401bfab6,"""hhu5oa79wfp84h""",,first_capture,raw/fsa.fhrs.ratings/2026/09/20260914T051629Z-f38085adcd39.xml.gz,,
fsa.fhrs.ratings,https://ratings.food.gov.uk/api/open-data-files/FHRS180en-GB.xml,2026-09-14T05:16:32Z,200,text/xml,1493032,b0ab048f6b5b4ee6d33400f9b2d4b5424b33c49f1fdbbc655de11cd16f05f5ac,"""1sy6dnmyjbw012""",,first_capture,raw/fsa.fhrs.ratings/2026/09/20260914T051632Z-b0ab048f6b5b.xml.gz,,
fsa.fhrs.ratings,https://ratings.food.gov.uk/api/open-data-files/FHRS181en-GB.xml,2026-09-14T05:16:35Z,200,text/xml,1069755,fcc6fd56aa814d280a10cc0fec4a8dc47b098a48d281a9ff6c0564506157a5ba,"""xpa19n091dmxfb""",,first_capture,raw/fsa.fhrs.ratings/2026/09/20260914T051635Z-fcc6fd56aa81.xml.gz,,
fsa.fhrs.ratings,https://ratings.food.gov.uk/api/open-data-files/FHRS182en-GB.xml,2026-09-14T05:16:37Z,200,text/xml,1169295,a9015eb6a5a5fbe58671e44dbeeb793ae131b60881a17cbd8015ad7f4fa0f3db,"""15ao07vk1i1p275""",,first_capture,raw/fsa.fhrs.ratings/2026/09/20260914T051637Z-a9015eb6a5a5.xml.gz,,
fsa.fhrs.ratings,https://ratings.food.gov.uk/api/open-data-files/FHRS184en-GB.xml,2026-09-14T05:16:40Z,200,text/xml,826124,cd6c2fad1ed85bdd6e86271c782a669758908a8ed166ad3e28a6ef31bb675b2e,"""8jm2ty5qhlhpfw""",,first_capture,raw/fsa.fhrs.ratings/2026/09/20260914T051640Z-cd6c2fad1ed8.xml.gz,,
fsa.fhrs.ratings,https://ratings.food.gov.uk/api/open-data-files/FHRS185en-GB.xml,2026-09-14T05:16:43Z,200,text/xml,1434386,4f7fc43ccd87328873e0d0e9db82e1e79d3a2f45bc3aa089e0f6d50ee94ed329,"""v5g6bhta6auqry""",,first_capture,raw/fsa.fhrs.ratings/2026/09/20260914T051643Z-4f7fc43ccd87.xml.gz,,
fsa.fhrs.ratings,https://ratings.food.gov.uk/api/open-data-files/FHRS187en-GB.xml,2026-09-14T05:16:46Z,200,text/xml,960979,0ff393d938567e369dc1009ddf43fe1c3490e95a5f0cf99a4cb85daf957c476b,"""vtml5beb7gklhv""",,first_capture,raw/fsa.fhrs.ratings/2026/09/20260914T051646Z-0ff393d93856.xml.gz,,
fsa.fhrs.ratings,https://ratings.food.gov.uk/api/open-data-files/FHRS188en-GB.xml,2026-09-14T05:16:48Z,200,text/xml,1263572,5fd5390d0babce3fc47aa24b2a7b3d5a061f2c9c23f8484488ff56ac19d2393a,"""mrw3wmhszir2y7""",,first_capture,raw/fsa.fhrs.ratings/2026/09/20260914T051648Z-5fd5390d0bab.xml.gz,,
fsa.fhrs.ratings,https://ratings.food.gov.uk/api/open-data-files/FHRS189en-GB.xml,2026-09-14T05:16:51Z,200,text/xml,1218551,f4bd09eea7b291c9da73c94c8eb15d05442c264523dd0af9c24e78a010b67955,"""suylkuqt95q48m""",,first_capture,raw/fsa.fhrs.ratings/2026/09/20260914T051651Z-f4bd09eea7b2.xml.gz,,
fsa.fhrs.ratings,https://ratings.food.gov.uk/api/open-data-files/FHRS190en-GB.xml,2026-09-14T05:16:54Z,200,text/xml,1529270,995efef109f2c6a5f0ab00a23ef372eacdeee5fae6a660aeb111cd95b5831456,"""ytx9iv5c6twrzq""",,first_capture,raw/fsa.fhrs.ratings/2026/09/20260914T051654Z-995efef109f2.xml.gz,,
fsa.fhrs.ratings,https://ratings.food.gov.uk/api/open-data-files/FHRS191en-GB.xml,2026-09-14T05:16:56Z,200,text/xml,1056206,f3ec8959e6dcc9665dd7173c1f80f00d160658b9b5b87d96d9f1c81a6b312c80,"""r0at9ipih6mmz2""",,first_capture,raw/fsa.fhrs.ratings/2026/09/20260914T051656Z-f3ec8959e6dc.xml.gz,,
fsa.fhrs.ratings,https://ratings.food.gov.uk/api/open-data-files/FHRS192en-GB.xml,2026-09-14T05:16:59Z,200,text/xml,1094702,38a092426dd129f4905659152f700ff5d6845178e42b96072d7693ca5ed38637,"""15rj8zu68lingoa""",,first_capture,raw/fsa.fhrs.ratings/2026/09/20260914T051659Z-38a092426dd1.xml.gz,,
fsa.fhrs.ratings,https://ratings.food.gov.uk/api/open-data-files/FHRS196en-GB.xml,2026-09-14T05:17:01Z,200,text/xml,836421,c6761288eb5f01a474b85afb81ad1b527bda78be797f355605fe725fdb9832d0,"""n85ys3x8hfhxdi""",,first_capture,raw/fsa.fhrs.ratings/2026/09/20260914T051701Z-c6761288eb5f.xml.gz,,
fsa.fhrs.ratings,https://ratings.food.gov.uk/api/open-data-files/FHRS197en-GB.xml,2026-09-14T05:17:04Z,200,text/xml,998213,eda7378696817f135ff17fddff6e319996795deae74d9f5f38f2d4d2c381502e,"""9ybkj225jdle83""",,first_capture,raw/fsa.fhrs.ratings/2026/09/20260914T051704Z-eda737869681.xml.gz,,
fsa.fhrs.ratings,https://ratings.food.gov.uk/api/open-data-files/FHRS198en-GB.xml,2026-09-14T05:17:07Z,200,text/xml,833331,70d5db6c945ed02aca379fcc6cf3bab18674a4c08aa1ec265461186f462d24d9,"""y1ny2xazxihuzt""",,first_capture,raw/fsa.fhrs.ratings/2026/09/20260914T051707Z-70d5db6c945e.xml.gz,,
fsa.fhrs.ratings,https://ratings.food.gov.uk/api/open-data-files/FHRS199en-GB.xml,2026-09-14T05:17:09Z,200,text/xml,762174,700f2d57c1258189da7b287f12463b601a7f2b48f0c6659f773365e81fcbed9a,"""rqxbe7ctd8gc3i""",,first_capture,raw/fsa.fhrs.ratings/2026/09/20260914T051709Z-700f2d57c125.xml.gz,,
fsa.fhrs.ratings,https://ratings.food.gov.uk/api/open-data-files/FHRS200en-GB.xml,2026-09-14T05:17:12Z,200,text/xml,1196922,752f9f7bb82085c6fec237b4694bcb706c2cfb677f41e21c6207c1333e0d6814,"""b069op7vm7pnju""",,first_capture,raw/fsa.fhrs.ratings/2026/09/20260914T051712Z-752f9f7bb820.xml.gz,,
fsa.fhrs.ratings,https://ratings.food.gov.uk/api/open-data-files/FHRS201en-GB.xml,2026-09-14T05:17:15Z,200,text/xml,810020,1777123595cdd5c514b7acef3a233f1008907f5008a48d928642afa83aa491bf,"""13hs95oyfdohd0j""",,first_capture,raw/fsa.fhrs.ratings/2026/09/20260914T051715Z-1777123595cd.xml.gz,,
fsa.fhrs.ratings,https://ratings.food.gov.uk/api/open-data-files/FHRS202en-GB.xml,2026-09-14T05:17:17Z,200,text/xml,1564607,213a0c379b83162395f4e29f6f0fdff0e2cf0064c06c2d0cb610f9d076213a3d,"""10ecce3a0l3xj97""",,first_capture,raw/fsa.fhrs.ratings/2026/09/20260914T051717Z-213a0c379b83.xml.gz,,
fsa.fhrs.ratings,https://ratings.food.gov.uk/api/open-data-files/FHRS203en-GB.xml,2026-09-14T05:17:20Z,200,text/xml,665244,9744eddd0db52d4fd7f7732a8ee119c907c4f53b80b16d470a6f07c5eadf29cc,"""ouh046o89qe9az""",,first_capture,raw/fsa.fhrs.ratings/2026/09/20260914T051720Z-9744eddd0db5.xml.gz,,
fsa.fhrs.ratings,https://ratings.food.gov.uk/api/open-data-files/FHRS204en-GB.xml,2026-09-14T05:17:23Z,200,text/xml,712981,e9e86d4824e6a050b3f1fa164d60bf9a22f860728454ffafbad6853b08d66317,"""5it9jpeqcnfa51""",,first_capture,raw/fsa.fhrs.ratings/2026/09/20260914T051723Z-e9e86d4824e6.xml.gz,,
fsa.fhrs.ratings,https://ratings.food.gov.uk/api/open-data-files/FHRS205en-GB.xml,2026-09-14T05:17:25Z,200,text/xml,850476,14d493f73dc976fecd2c07b8e64dbc5ae4e35209f4ec788a0eaa50f580b0d3f5,"""2d4fgkilc2i88c""",,first_capture,raw/fsa.fhrs.ratings/2026/09/20260914T051725Z-14d493f73dc9.xml.gz,,
fsa.fhrs.ratings,https://ratings.food.gov.uk/api/open-data-files/FHRS206en-GB.xml,2026-09-14T05:17:28Z,200,text/xml,945849,3beb5478ff16655393276b4f545b5c28f652c8efe5869f8d7d2f8e5ed12b04f3,"""68idmu08b6k9tc""",,first_capture,raw/fsa.fhrs.ratings/2026/09/20260914T051728Z-3beb5478ff16.xml.gz,,
fsa.fhrs.ratings,https://ratings.food.gov.uk/api/open-data-files/FHRS207en-GB.xml,2026-09-14T05:17:30Z,200,text/xml,1025948,a0e00cd5af384756f3af93bbaafb63640641ed6da4a5811c50d3151c320710ee,"""151t9rdjay7lzmj""",,first_capture,raw/fsa.fhrs.ratings/2026/09/20260914T051730Z-a0e00cd5af38.xml.gz,,
fsa.fhrs.ratings,https://ratings.food.gov.uk/api/open-data-files/FHRS209en-GB.xml,2026-09-14T05:17:33Z,200,text/xml,668944,02f29dc8f866ea283a35d16a26c24b7a4d5d06f37a6f67ac1e47133187bb917a,"""7r27j4cqjrec5s""",,first_capture,raw/fsa.fhrs.ratings/2026/09/20260914T051733Z-02f29dc8f866.xml.gz,,
fsa.fhrs.ratings,https://ratings.food.gov.uk/api/open-data-files/FHRS210en-GB.xml,2026-09-14T05:17:35Z,200,text/xml,1406754,765b90c02f49bde2fe163d35542b5de535e4a3dd94fe4f60eab99de00b24a8f1,"""4klh4k60q6u5ex""",,first_capture,raw/fsa.fhrs.ratings/2026/09/20260914T051735Z-765b90c02f49.xml.gz,,
fsa.fhrs.ratings,https://ratings.food.gov.uk/api/open-data-files/FHRS211en-GB.xml,2026-09-14T05:17:38Z,200,text/xml,779752,d50c89133020c277311d682ea46d5c7c200c92ab5dd2f330df6a66723c61d484,"""12xrc2xf76xgpns""",,first_capture,raw/fsa.fhrs.ratings/2026/09/20260914T051738Z-d50c89133020.xml.gz,,
fsa.fhrs.ratings,https://ratings.food.gov.uk/api/open-data-files/FHRS212en-GB.xml,2026-09-14T05:17:41Z,200,text/xml,940989,c0d12ce9467d2aac32d454f27c3bfff7997138315a7cc077ba46426559dbb3e4,"""1220se17gn4k62j""",,first_capture,raw/fsa.fhrs.ratings/2026/09/20260914T051741Z-c0d12ce9467d.xml.gz,,
fsa.fhrs.ratings,https://ratings.food.gov.uk/api/open-data-files/FHRS214en-GB.xml,2026-09-14T05:17:44Z,200,text/xml,520819,9d5766d5ebcc7096ac7f3fde7b6757eecf33a8f7f3e377c70577775259400fe0,"""ippv2rjt4cb5v7""",,first_capture,raw/fsa.fhrs.ratings/2026/09/20260914T051744Z-9d5766d5ebcc.xml.gz,,
fsa.fhrs.ratings,https://ratings.food.gov.uk/api/open-data-files/FHRS215en-GB.xml,2026-09-14T05:17:46Z,200,text/xml,970221,a2e775e39f14f3e69e8fd90a335e0b848ba033148f76749eb1ba9ec374964f95,"""g1uhytswllksml""",,first_capture,raw/fsa.fhrs.ratings/2026/09/20260914T051746Z-a2e775e39f14.xml.gz,,
fsa.fhrs.ratings,https://ratings.food.gov.uk/api/open-data-files/FHRS216en-GB.xml,2026-09-14T05:17:51Z,200,text/xml,410342,257ec6ba61ee6639ca7876e482f33da4861ccbccb04372632d429c4617d696f8,"""8hm6tiki1w8sme""",,first_capture,raw/fsa.fhrs.ratings/2026/09/20260914T051751Z-257ec6ba61ee.xml.gz,,
fsa.fhrs.ratings,https://ratings.food.gov.uk/api/open-data-files/FHRS219en-GB.xml,2026-09-14T05:17:53Z,200,text/xml,624405,5a1e6588a92cebaa085185ea97508b4df27ab0baba8d6372c97b5feb492dfe97,"""6ywq42nhixddsi""",,first_capture,raw/fsa.fhrs.ratings/2026/09/20260914T051753Z-5a1e6588a92c.xml.gz,,
fsa.fhrs.ratings,https://ratings.food.gov.uk/api/open-data-files/FHRS220en-GB.xml,2026-09-14T05:17:56Z,200,text/xml,2343061,d944a2fd9f2d4ad40ea16eee2a315f64109b4164a4cb103a3ad1c3506441d24f,"""mq6kyoyhcw1e7w7""",,first_capture,raw/fsa.fhrs.ratings/2026/09/20260914T051756Z-d944a2fd9f2d.xml.gz,,
fsa.fhrs.ratings,https://ratings.food.gov.uk/api/open-data-files/FHRS221en-GB.xml,2026-09-14T05:17:59Z,200,text/xml,1111968,cc145c08219fcf76efb205149bcbe443eaded011e5971c5e79803a1c52edbc1d,"""17yfuig09v8nu00""",,first_capture,raw/fsa.fhrs.ratings/2026/09/20260914T051759Z-cc145c08219f.xml.gz,,
fsa.fhrs.ratings,https://ratings.food.gov.uk/api/open-data-files/FHRS222en-GB.xml,2026-09-14T05:18:02Z,200,text/xml,918162,a1d84c6eec395aabf3bbd024f776742638ae2405fbb19c014d9c8eb4716d9b4a,"""xls5pf9m2djogg""",,first_capture,raw/fsa.fhrs.ratings/2026/09/20260914T051802Z-a1d84c6eec39.xml.gz,,
fsa.fhrs.ratings,https://ratings.food.gov.uk/api/open-data-files/FHRS223en-GB.xml,2026-09-14T05:18:04Z,200,text/xml,787784,e6fbccfb36cc2b0c35f32a805d3ef817c41ef9617511a6e9666e140a88236280,"""4363kapeesgvu1""",,first_capture,raw/fsa.fhrs.ratings/2026/09/20260914T051804Z-e6fbccfb36cc.xml.gz,,
fsa.fhrs.ratings,https://ratings.food.gov.uk/api/open-data-files/FHRS224en-GB.xml,2026-09-14T05:18:07Z,200,text/xml,1202284,1133a6235b165d7267ee4f35f9ff63e7ba5aeed1c448228e86405de4b2dfe56c,"""9jkadwwwjiprn8""",,first_capture,raw/fsa.fhrs.ratings/2026/09/20260914T051807Z-1133a6235b16.xml.gz,,
fsa.fhrs.ratings,https://ratings.food.gov.uk/api/open-data-files/FHRS225en-GB.xml,2026-09-14T05:18:09Z,200,text/xml,807337,293f0767dcf23d8dbc58253a87d293174f3c70723df2f2cdf2ad9e54fba3eeb7,"""rvq0x0zkughay1""",,first_capture,raw/fsa.fhrs.ratings/2026/09/20260914T051809Z-293f0767dcf2.xml.gz,,
fsa.fhrs.ratings,https://ratings.food.gov.uk/api/open-data-files/FHRS227en-GB.xml,2026-09-14T05:18:12Z,200,text/xml,1244583,9b0876ddd08bcf0e2b28d80d61acbf7421477e79cabe345b874d40f0e13b6a03,"""e8rbiraf65qoas""",,first_capture,raw/fsa.fhrs.ratings/2026/09/20260914T051812Z-9b0876ddd08b.xml.gz,,
fsa.fhrs.ratings,https://ratings.food.gov.uk/api/open-data-files/FHRS228en-GB.xml,2026-09-14T05:18:14Z,200,text/xml,969361,566d2094b72fcc9117506b6231057b9c491682e7f4bc5420fe9a0647eff6ea64,"""lydv2os0pbkryn""",,first_capture,raw/fsa.fhrs.ratings/2026/09/20260914T051814Z-566d2094b72f.xml.gz,,
fsa.fhrs.ratings,https://ratings.food.gov.uk/api/open-data-files/FHRS229en-GB.xml,2026-09-14T05:18:17Z,200,text/xml,1104422,c6ed9b6f8f5edd9da6f414e9bf810c7f86a79ad12030f4cf4ec03836b28d31af,"""xcb8nj0serno5w""",,first_capture,raw/fsa.fhrs.ratings/2026/09/20260914T051817Z-c6ed9b6f8f5e.xml.gz,,
fsa.fhrs.ratings,https://ratings.food.gov.uk/api/open-data-files/FHRS230en-GB.xml,2026-09-14T05:18:20Z,200,text/xml,1546202,067aa71e9d9f08430d14eaf02c2f27c00161187bef3db48f7fffc779db5a6e75,"""16odetusmt2x520""",,first_capture,raw/fsa.fhrs.ratings/2026/09/20260914T051820Z-067aa71e9d9f.xml.gz,,
fsa.fhrs.ratings,https://ratings.food.gov.uk/api/open-data-files/FHRS231en-GB.xml,2026-09-14T05:18:23Z,200,text/xml,1515337,20c6bd81483edfe8debfd7027f2224491ef73a5c5e63831236fb7e1918dd5037,"""ulll18oshswh8o""",,first_capture,raw/fsa.fhrs.ratings/2026/09/20260914T051823Z-20c6bd81483e.xml.gz,,
fsa.fhrs.ratings,https://ratings.food.gov.uk/api/open-data-files/FHRS232en-GB.xml,2026-09-14T05:18:25Z,200,text/xml,1605908,dd750640c42730eaa604a58c0ecd362ec472c3a5b3bd668c950617a082d7590a,"""423km38pktyf4g""",,first_capture,raw/fsa.fhrs.ratings/2026/09/20260914T051825Z-dd750640c427.xml.gz,,
fsa.fhrs.ratings,https://ratings.food.gov.uk/api/open-data-files/FHRS233en-GB.xml,2026-09-14T05:18:28Z,200,text/xml,1134776,be6495d02c1bff3586d6c3a56b7923e123b685afac17a286403f08e6f48f2f54,"""58cyb0uyhvoblh""",,first_capture,raw/fsa.fhrs.ratings/2026/09/20260914T051828Z-be6495d02c1b.xml.gz,,
fsa.fhrs.ratings,https://ratings.food.gov.uk/api/open-data-files/FHRS235en-GB.xml,2026-09-14T05:18:30Z,200,text/xml,3108840,3afb9e90967e617aae4b5cb61f00937b748aff424ba12cac0c33629d9c6feb7d,"""iyby4zinbo1umsm""",,first_capture,raw/fsa.fhrs.ratings/2026/09/20260914T051830Z-3afb9e90967e.xml.gz,,
fsa.fhrs.ratings,https://ratings.food.gov.uk/api/open-data-files/FHRS236en-GB.xml,2026-09-14T05:18:34Z,200,text/xml,4068517,9c410ce2f645e72c415ef657f640c69aedc390221583d4483744bbe125beb830,"""136i0isko8s2f79t""",,first_capture,raw/fsa.fhrs.ratings/2026/09/20260914T051834Z-9c410ce2f645.xml.gz,,
fsa.fhrs.ratings,https://ratings.food.gov.uk/api/open-data-files/FHRS250en-GB.xml,2026-09-14T05:18:37Z,200,text/xml,6743009,1308fb0a749619919afa47921b234d20977b5df588f5a76b9cd9a1f3af8a216e,"""16b2l2z5gei40ita""",,first_capture,raw/fsa.fhrs.ratings/2026/09/20260914T051837Z-1308fb0a7496.xml.gz,,
fsa.fhrs.ratings,https://ratings.food.gov.uk/api/open-data-files/FHRS259en-GB.xml,2026-09-14T05:18:40Z,200,text/xml,874909,49b4e49817e2b0ad41eada00a02562ccc3cfc64e58154180e2f90e5515b76d01,"""mnv8d8fg3oir2n""",,first_capture,raw/fsa.fhrs.ratings/2026/09/20260914T051840Z-49b4e49817e2.xml.gz,,
fsa.fhrs.ratings,https://ratings.food.gov.uk/api/open-data-files/FHRS260en-GB.xml,2026-09-14T05:18:43Z,200,text/xml,1087507,bfa719700a7157e42759cf9de9e74e2fa00a081796be6a1906dd8fcbeb12e297,"""157qo5p4buhnb4f""",,first_capture,raw/fsa.fhrs.ratings/2026/09/20260914T051843Z-bfa719700a71.xml.gz,,
fsa.fhrs.ratings,https://ratings.food.gov.uk/api/open-data-files/FHRS261en-GB.xml,2026-09-14T05:18:45Z,200,text/xml,812014,dec7fe21d80dd4067c2332c772b70a19286a9e9d87947fda39abe722edfbd2bd,"""q5m36g1zpvhejw""",,first_capture,raw/fsa.fhrs.ratings/2026/09/20260914T051845Z-dec7fe21d80d.xml.gz,,
fsa.fhrs.ratings,https://ratings.food.gov.uk/api/open-data-files/FHRS262en-GB.xml,2026-09-14T05:18:48Z,200,text/xml,831706,050a0aadd2c1f0a1388c9fb69f89cb16f006a45a5963cca5cbb193679896aaa4,"""9dzy7jdd5whtqx""",,first_capture,raw/fsa.fhrs.ratings/2026/09/20260914T051848Z-050a0aadd2c1.xml.gz,,
fsa.fhrs.ratings,https://ratings.food.gov.uk/api/open-data-files/FHRS263en-GB.xml,2026-09-14T05:18:50Z,200,text/xml,908860,7f99390290f02ed2443cac59a65ceaa35780b7edd8c27b6ad965288af28c8cca,"""13rna9ykx5fjh9s""",,first_capture,raw/fsa.fhrs.ratings/2026/09/20260914T051850Z-7f99390290f0.xml.gz,,
fsa.fhrs.ratings,https://ratings.food.gov.uk/api/open-data-files/FHRS264en-GB.xml,2026-09-14T05:18:53Z,200,text/xml,1161045,8ee4b2dcdfc7985307cd4468850219655199734fd054c3ea5ce57efd06c80d72,"""9vn6b5b9vzovv7""",,first_capture,raw/fsa.fhrs.ratings/2026/09/20260914T051853Z-8ee4b2dcdfc7.xml.gz,,
fsa.fhrs.ratings,https://ratings.food.gov.uk/api/open-data-files/FHRS266en-GB.xml,2026-09-14T05:18:56Z,200,text/xml,927748,318f5cfcba96e22de9480aa420fe362c957deabe2602b3ab32248a076659fd41,"""odf89rsm7ljvuq""",,first_capture,raw/fsa.fhrs.ratings/2026/09/20260914T051856Z-318f5cfcba96.xml.gz,,
fsa.fhrs.ratings,https://ratings.food.gov.uk/api/open-data-files/FHRS268en-GB.xml,2026-09-14T05:18:58Z,200,text/xml,1309825,2ecb90f86352489dd190eaaef8b168d8fffa5f974311f343de2cf2f0ffe4896b,"""9i7613ouras2my""",,first_capture,raw/fsa.fhrs.ratings/2026/09/20260914T051858Z-2ecb90f86352.xml.gz,,
fsa.fhrs.ratings,https://ratings.food.gov.uk/api/open-data-files/FHRS269en-GB.xml,2026-09-14T05:19:01Z,200,text/xml,1546528,6f67c46c77d3b4938f8e17f1409f21a1f19679b95ebf88af2e21f792ca0f43ed,"""13sybxlrnjsx5az""",,first_capture,raw/fsa.fhrs.ratings/2026/09/20260914T051901Z-6f67c46c77d3.xml.gz,,
fsa.fhrs.ratings,https://ratings.food.gov.uk/api/open-data-files/FHRS270en-GB.xml,2026-09-14T05:19:03Z,200,text/xml,1222332,4302a8eeb4c5e81bca9b3484c41fd60ca9f45445d473eb603e5bbe8ff6e9c5e3,"""dwyqbftmp9q75l""",,first_capture,raw/fsa.fhrs.ratings/2026/09/20260914T051903Z-4302a8eeb4c5.xml.gz,,
fsa.fhrs.ratings,https://ratings.food.gov.uk/api/open-data-files/FHRS271en-GB.xml,2026-09-14T05:19:06Z,200,text/xml,1015632,b374cd2bdb1cc50f38db37a9cf4b8001b3a95a432a305eabe091c02b65d1e446,"""2vkz69mzaqlro0""",,first_capture,raw/fsa.fhrs.ratings/2026/09/20260914T051906Z-b374cd2bdb1c.xml.gz,,
fsa.fhrs.ratings,https://ratings.food.gov.uk/api/open-data-files/FHRS272en-GB.xml,2026-09-14T05:19:09Z,200,text/xml,1115500,d6c382b2a6450223e5686a4324d612694063955c90668132dd4c04b989c8923b,"""8cq0ymb8rmnwq1""",,first_capture,raw/fsa.fhrs.ratings/2026/09/20260914T051909Z-d6c382b2a645.xml.gz,,
fsa.fhrs.ratings,https://ratings.food.gov.uk/api/open-data-files/FHRS281en-GB.xml,2026-09-14T05:19:11Z,200,text/xml,5955241,3384936526556fd456488b38875d9bc7279f32621fde0112d4480dcd0e46a9f9,"""155jimn85h43jmy9""",,first_capture,raw/fsa.fhrs.ratings/2026/09/20260914T051911Z-338493652655.xml.gz,,
fsa.fhrs.ratings,https://ratings.food.gov.uk/api/open-data-files/FHRS287en-GB.xml,2026-09-14T05:19:15Z,200,text/xml,819354,03fb4329d178b5ccb7e3b0a8843a3fb5919ff9ee9fd44237d12e0edb866cb527,"""16e0ht6ngdohk7u""",,first_capture,raw/fsa.fhrs.ratings/2026/09/20260914T051915Z-03fb4329d178.xml.gz,,
fsa.fhrs.ratings,https://ratings.food.gov.uk/api/open-data-files/FHRS288en-GB.xml,2026-09-14T05:19:17Z,200,text/xml,1248650,9cad37b19e33a787f78ca331814b4053a3752ffab2cf4886020b9739ce2a3144,"""mo58m4eihcqrg0""",,first_capture,raw/fsa.fhrs.ratings/2026/09/20260914T051917Z-9cad37b19e33.xml.gz,,
fsa.fhrs.ratings,https://ratings.food.gov.uk/api/open-data-files/FHRS289en-GB.xml,2026-09-14T05:19:20Z,200,text/xml,914548,1629f80b8c557697127d3523404b83e4b5cab411cfd75fb1a029d2838c24e8c0,"""qk691genujjlo4""",,first_capture,raw/fsa.fhrs.ratings/2026/09/20260914T051920Z-1629f80b8c55.xml.gz,,
fsa.fhrs.ratings,https://ratings.food.gov.uk/api/open-data-files/FHRS290en-GB.xml,2026-09-14T05:19:23Z,200,text/xml,1027040,1391e4153114df726a79056399a3880f2fee5d7438cdd4a01c57a0a9988b12b4,"""6vu0t9kd4jm0gw""",,first_capture,raw/fsa.fhrs.ratings/2026/09/20260914T051923Z-1391e4153114.xml.gz,,
fsa.fhrs.ratings,https://ratings.food.gov.uk/api/open-data-files/FHRS291en-GB.xml,2026-09-14T05:19:25Z,200,text/xml,755248,3df3555bbe9705b1720f13a4176b1b5d941c83567ce1fc8e954cdeb7b051af0e,"""2rtaw2e801g6r3""",,first_capture,raw/fsa.fhrs.ratings/2026/09/20260914T051925Z-3df3555bbe97.xml.gz,,
fsa.fhrs.ratings,https://ratings.food.gov.uk/api/open-data-files/FHRS292en-GB.xml,2026-09-14T05:19:28Z,200,text/xml,1130660,69417e17657b4a60ef636b3119313b149c0e930055c47d1818435ef6d6e46f99,"""15o7dmlscw5o8e2""",,first_capture,raw/fsa.fhrs.ratings/2026/09/20260914T051928Z-69417e17657b.xml.gz,,
fsa.fhrs.ratings,https://ratings.food.gov.uk/api/open-data-files/FHRS293en-GB.xml,2026-09-14T05:19:30Z,200,text/xml,864608,28fd75485e789e8200ffdb760f0fea9780ffc6101c1fdcb9b57db0b8302a1902,"""w0uzapxie6ij4h""",,first_capture,raw/fsa.fhrs.ratings/2026/09/20260914T051930Z-28fd75485e78.xml.gz,,
fsa.fhrs.ratings,https://ratings.food.gov.uk/api/open-data-files/FHRS295en-GB.xml,2026-09-14T05:19:33Z,200,text/xml,539903,d0915c0a09c5cfbf837d43a3cae0a94d9a1281de981511c2212ac054a72ce014,"""hckre1sa24bkkg""",,first_capture,raw/fsa.fhrs.ratings/2026/09/20260914T051933Z-d0915c0a09c5.xml.gz,,
fsa.fhrs.ratings,https://ratings.food.gov.uk/api/open-data-files/FHRS297en-GB.xml,2026-09-14T05:19:35Z,200,text/xml,879884,7826610ba400777fd310aeabf92089236bddeb6d2ecb44d411187d4c5a8f0e45,"""12f65lg3ly2iux8""",,first_capture,raw/fsa.fhrs.ratings/2026/09/20260914T051935Z-7826610ba400.xml.gz,,
fsa.fhrs.ratings,https://ratings.food.gov.uk/api/open-data-files/FHRS298en-GB.xml,2026-09-14T05:19:38Z,200,text/xml,1638479,8eeb8480421d19e06e4b7aa99407e5fd13a14081b6bfc5190880be91171afc8a,"""2ndfsbroliz49b""",,first_capture,raw/fsa.fhrs.ratings/2026/09/20260914T051938Z-8eeb8480421d.xml.gz,,
fsa.fhrs.ratings,https://ratings.food.gov.uk/api/open-data-files/FHRS299en-GB.xml,2026-09-14T05:19:41Z,200,text/xml,1109689,73751d6a8474be2b41bfefc26396c3b3bc342cef7145763c2b38cb1441b0c471,"""apmuzulztxns8p""",,first_capture,raw/fsa.fhrs.ratings/2026/09/20260914T051941Z-73751d6a8474.xml.gz,,
fsa.fhrs.ratings,https://ratings.food.gov.uk/api/open-data-files/FHRS300en-GB.xml,2026-09-14T05:19:44Z,200,text/xml,855648,f102099570eea0cc2860c6f5196179d51c062a2c49d2e839a2ba26c7b7a17665,"""14aiv85x9ndic80""",,first_capture,raw/fsa.fhrs.ratings/2026/09/20260914T051944Z-f102099570ee.xml.gz,,
fsa.fhrs.ratings,https://ratings.food.gov.uk/api/open-data-files/FHRS302en-GB.xml,2026-09-14T05:19:46Z,200,text/xml,2517451,71c9727f2fb34de1103e4de0ff4e74c5093b13a2fb8756aa8fdc38180efe7ebe,"""8soc9quk4m1hyh6""",,first_capture,raw/fsa.fhrs.ratings/2026/09/20260914T051946Z-71c9727f2fb3.xml.gz,,
fsa.fhrs.ratings,https://ratings.food.gov.uk/api/open-data-files/FHRS305en-GB.xml,2026-09-14T05:19:49Z,200,text/xml,1122521,301a636d9a7661d69da5d65d493275dfb4178aabc5e845dcd42178764bc50f6a,"""jkvwk873lxo255""",,first_capture,raw/fsa.fhrs.ratings/2026/09/20260914T051949Z-301a636d9a76.xml.gz,,
fsa.fhrs.ratings,https://ratings.food.gov.uk/api/open-data-files/FHRS306en-GB.xml,2026-09-14T05:19:52Z,200,text/xml,558650,69c7ae53c29f279828b8ca4f569cb519c1604c5c44803386fc0aa95cdc099aa4,"""11pvyfgtcpwbz22""",,first_capture,raw/fsa.fhrs.ratings/2026/09/20260914T051952Z-69c7ae53c29f.xml.gz,,
fsa.fhrs.ratings,https://ratings.food.gov.uk/api/open-data-files/FHRS307en-GB.xml,2026-09-14T05:19:54Z,200,text/xml,1132256,f14b40b6ca18529da34cf6f61037057c54c066f36643f33e6d372d31c7f6bb8c,"""m2sqrloln2o9mu""",,first_capture,raw/fsa.fhrs.ratings/2026/09/20260914T051954Z-f14b40b6ca18.xml.gz,,
fsa.fhrs.ratings,https://ratings.food.gov.uk/api/open-data-files/FHRS308en-GB.xml,2026-09-14T05:19:56Z,200,text/xml,741042,6b07b427e8c6b3ed7b98e1854fc080db61f4c36a1d4e11f1325e849c9ba6c64e,"""naxmy1j4rffvs9""",,first_capture,raw/fsa.fhrs.ratings/2026/09/20260914T051956Z-6b07b427e8c6.xml.gz,,
fsa.fhrs.ratings,https://ratings.food.gov.uk/api/open-data-files/FHRS309en-GB.xml,2026-09-14T05:19:59Z,200,text/xml,1094267,3b061d4b0dab8884a3efe52f366b3c03bc98113faf175014ee5e762a0d64a405,"""1hcnimw620ngc9""",,first_capture,raw/fsa.fhrs.ratings/2026/09/20260914T051959Z-3b061d4b0dab.xml.gz,,
fsa.fhrs.ratings,https://ratings.food.gov.uk/api/open-data-files/FHRS310en-GB.xml,2026-09-14T05:20:02Z,200,text/xml,698469,2cb5c22662a6b38287fc15b13abd15f74e5a08fdc5d9a9a10b40483fa3d0af41,"""xce12cdjnneyxv""",,first_capture,raw/fsa.fhrs.ratings/2026/09/20260914T052002Z-2cb5c22662a6.xml.gz,,
fsa.fhrs.ratings,https://ratings.food.gov.uk/api/open-data-files/FHRS311en-GB.xml,2026-09-14T05:20:04Z,200,text/xml,768331,a8f7a91df4982a39a03e11129d0be5924b7545a5eacf759a563e26b07a9da319,"""179o30yzbd9ggub""",,first_capture,raw/fsa.fhrs.ratings/2026/09/20260914T052004Z-a8f7a91df498.xml.gz,,
fsa.fhrs.ratings,https://ratings.food.gov.uk/api/open-data-files/FHRS312en-GB.xml,2026-09-14T05:20:07Z,200,text/xml,680249,80456fe884ac7e169ac7ba1491ffb3f714ccfa45ea5455a6ffa3827f3aba8b6d,"""k74h1cjr86ekvs""",,first_capture,raw/fsa.fhrs.ratings/2026/09/20260914T052007Z-80456fe884ac.xml.gz,,
fsa.fhrs.ratings,https://ratings.food.gov.uk/api/open-data-files/FHRS313en-GB.xml,2026-09-14T05:20:09Z,200,text/xml,688694,f5c336552faf5a509457710888250544512d318ba539587f9cda9b67f7891763,"""12j9q20zfc1ere1""",,first_capture,raw/fsa.fhrs.ratings/2026/09/20260914T052009Z-f5c336552faf.xml.gz,,
fsa.fhrs.ratings,https://ratings.food.gov.uk/api/open-data-files/FHRS314en-GB.xml,2026-09-14T05:20:12Z,200,text/xml,1043260,9d6ed88dc60cb0e927dac237109a118518b860c42b76e30833454c7587ae5596,"""3ze14aahb2mcz6""",,first_capture,raw/fsa.fhrs.ratings/2026/09/20260914T052012Z-9d6ed88dc60c.xml.gz,,
fsa.fhrs.ratings,https://ratings.food.gov.uk/api/open-data-files/FHRS315en-GB.xml,2026-09-14T05:20:15Z,200,text/xml,720835,7871320a6c3abe6bfda8f1b47a71d67724abd3461e4380e824a763530bdb9013,"""mzd5hoqncvfg75""",,first_capture,raw/fsa.fhrs.ratings/2026/09/20260914T052015Z-7871320a6c3a.xml.gz,,
fsa.fhrs.ratings,https://ratings.food.gov.uk/api/open-data-files/FHRS317en-GB.xml,2026-09-14T05:20:17Z,200,text/xml,665383,3014510c5396ae29ae621627fa75f76d6adc43cb274b7387981d90e1dd35ebb2,"""xaozhuzgnwe9ef""",,first_capture,raw/fsa.fhrs.ratings/2026/09/20260914T052017Z-3014510c5396.xml.gz,,
fsa.fhrs.ratings,https://ratings.food.gov.uk/api/open-data-files/FHRS318en-GB.xml,2026-09-14T05:20:19Z,200,text/xml,908804,9dd705899035ac4820ca50656057a48b1852c81476f8c53b7370bf24be18436f,"""ma6sc93gg8jh6y""",,first_capture,raw/fsa.fhrs.ratings/2026/09/20260914T052019Z-9dd705899035.xml.gz,,
fsa.fhrs.ratings,https://ratings.food.gov.uk/api/open-data-files/FHRS319en-GB.xml,2026-09-14T05:20:22Z,200,text/xml,910785,7bcb84f546e44720881b1f6fd089cf0b9d21768af10fd24dfa8e49fb5283887c,"""e2s7nmml3ijiq5""",,first_capture,raw/fsa.fhrs.ratings/2026/09/20260914T052022Z-7bcb84f546e4.xml.gz,,
fsa.fhrs.ratings,https://ratings.food.gov.uk/api/open-data-files/FHRS320en-GB.xml,2026-09-14T05:20:25Z,200,text/xml,1382027,b2902d78075f5fc68ebc6c21c12a4b5fdaf1a03cb764a1bda4d013cec52574da,"""y86in57f6stmdi""",,first_capture,raw/fsa.fhrs.ratings/2026/09/20260914T052025Z-b2902d78075f.xml.gz,,
fsa.fhrs.ratings,https://ratings.food.gov.uk/api/open-data-files/FHRS321en-GB.xml,2026-09-14T05:20:27Z,200,text/xml,1370284,77a6d1ac6e6173b8bfbdde668bcd71c59f93aa08d630f05a23acd94da6f6c383,"""vsfp5jqu0ptdb4""",,first_capture,raw/fsa.fhrs.ratings/2026/09/20260914T052027Z-77a6d1ac6e61.xml.gz,,
fsa.fhrs.ratings,https://ratings.food.gov.uk/api/open-data-files/FHRS323en-GB.xml,2026-09-14T05:20:30Z,200,text/xml,464508,f2ad581962719cf4d6f2ba4fb413e49ac3a3b01e1fc32d494b0b3f15f7433d77,"""hiova9xxli9yeo""",,first_capture,raw/fsa.fhrs.ratings/2026/09/20260914T052030Z-f2ad58196271.xml.gz,,
fsa.fhrs.ratings,https://ratings.food.gov.uk/api/open-data-files/FHRS324en-GB.xml,2026-09-14T05:20:32Z,200,text/xml,1308473,015c2bed6ebfaf4539eb566f90304395caf8eb14f3b33b73f2af722514d66724,"""11zbruq3aels1ll""",,first_capture,raw/fsa.fhrs.ratings/2026/09/20260914T052032Z-015c2bed6ebf.xml.gz,,
fsa.fhrs.ratings,https://ratings.food.gov.uk/api/open-data-files/FHRS325en-GB.xml,2026-09-14T05:20:35Z,200,text/xml,1461891,c9f7b61950b47f5f0b0243b96e58cd0c59b6131b94372bea4a28b1a5c74e4d6b,"""i3x5pv5sifvbzx""",,first_capture,raw/fsa.fhrs.ratings/2026/09/20260914T052035Z-c9f7b61950b4.xml.gz,,
fsa.fhrs.ratings,https://ratings.food.gov.uk/api/open-data-files/FHRS326en-GB.xml,2026-09-14T05:20:38Z,200,text/xml,964782,012d334637c1d4baec1c2ed638b5c56c7188b8da3bd50f6ef481131f5f1a5995,"""13j328k16erkoff""",,first_capture,raw/fsa.fhrs.ratings/2026/09/20260914T052038Z-012d334637c1.xml.gz,,
fsa.fhrs.ratings,https://ratings.food.gov.uk/api/open-data-files/FHRS327en-GB.xml,2026-09-14T05:20:40Z,200,text/xml,1289226,fccba6f6f18cc2ede2c0c65f09913c49f607ec5edde2f41f51cd995a020a9a41,"""xvz6tqcjnjrmrc""",,first_capture,raw/fsa.fhrs.ratings/2026/09/20260914T052040Z-fccba6f6f18c.xml.gz,,
fsa.fhrs.ratings,https://ratings.food.gov.uk/api/open-data-files/FHRS328en-GB.xml,2026-09-14T05:20:43Z,200,text/xml,1376788,0a09b3d701f5cdddf1d762f803a80d4af6bf4c87337e52928788877fb4743d3a,"""v59kecv9i2tic4""",,first_capture,raw/fsa.fhrs.ratings/2026/09/20260914T052043Z-0a09b3d701f5.xml.gz,,
fsa.fhrs.ratings,https://ratings.food.gov.uk/api/open-data-files/FHRS329en-GB.xml,2026-09-14T05:20:46Z,200,text/xml,1019994,592f2964d8d3bc7c8622f94750f541c364e0108c0392f9c21a633ae4e50a9349,"""15rjrel77c3lv08""",,first_capture,raw/fsa.fhrs.ratings/2026/09/20260914T052046Z-592f2964d8d3.xml.gz,,
fsa.fhrs.ratings,https://ratings.food.gov.uk/api/open-data-files/FHRS336en-GB.xml,2026-09-14T05:20:48Z,200,text/xml,136155,cb8aacbb138b00925807e4f4be000ff729f38e0340048bb911ec6a1c5c08f111,"""2elyq2p7we2x23""",,first_capture,raw/fsa.fhrs.ratings/2026/09/20260914T052048Z-cb8aacbb138b.xml.gz,,
fsa.fhrs.ratings,https://ratings.food.gov.uk/api/open-data-files/FHRS401en-GB.xml,2026-09-14T05:20:50Z,200,text/xml,1828171,14f86c54566eaf30ff808229df03c252298a24753067ba5964df1464abfc1f50,"""mipxejczhb136mg""",,first_capture,raw/fsa.fhrs.ratings/2026/09/20260914T052050Z-14f86c54566e.xml.gz,,
fsa.fhrs.ratings,https://ratings.food.gov.uk/api/open-data-files/FHRS402en-GB.xml,2026-09-14T05:20:53Z,200,text/xml,10358038,ebadba56b3429328640c3ab6c317fb5a878142c6aebb7f24b60d37eaca2c1315,"""7jtfd95n8b660b5""",,first_capture,raw/fsa.fhrs.ratings/2026/09/20260914T052053Z-ebadba56b342.xml.gz,,
fsa.fhrs.ratings,https://ratings.food.gov.uk/api/open-data-files/FHRS403en-GB.xml,2026-09-14T05:20:57Z,200,text/xml,2346631,31b0bc5ea537cc45fbf2b8e0dde8b4e4b1d7fabe184fc221fdcf81015efc60b6,"""okcdoxrei1ean9""",,first_capture,raw/fsa.fhrs.ratings/2026/09/20260914T052057Z-31b0bc5ea537.xml.gz,,
fsa.fhrs.ratings,https://ratings.food.gov.uk/api/open-data-files/FHRS404en-GB.xml,2026-09-14T05:20:59Z,200,text/xml,4471987,966b592f7b28dd133ef98c08b76931c0b3d4430a9703cd45fd40698ac488cad8,"""8s9ndbl6d2nuii""",,first_capture,raw/fsa.fhrs.ratings/2026/09/20260914T052059Z-966b592f7b28.xml.gz,,
fsa.fhrs.ratings,https://ratings.food.gov.uk/api/open-data-files/FHRS405en-GB.xml,2026-09-14T05:21:03Z,200,text/xml,1189365,b3319ac93023fd02284e412c5ea63ae6bcfcc5cc6536206e904cf63ef5660230,"""qlfm0qmzkyphn8""",,first_capture,raw/fsa.fhrs.ratings/2026/09/20260914T052103Z-b3319ac93023.xml.gz,,
fsa.fhrs.ratings,https://ratings.food.gov.uk/api/open-data-files/FHRS406en-GB.xml,2026-09-14T05:21:06Z,200,text/xml,1975031,5f3770a8415b1213065e9170f872fc06520b801ae5685942b2562b7432216c2e,"""qsnrhuug3z16bxy""",,first_capture,raw/fsa.fhrs.ratings/2026/09/20260914T052106Z-5f3770a8415b.xml.gz,,
fsa.fhrs.ratings,https://ratings.food.gov.uk/api/open-data-files/FHRS407en-GB.xml,2026-09-14T05:21:08Z,200,text/xml,2830057,c238d4f70fc5bfe975ecd14cdd3ceca09db3f6e854825c2840a63abcd1cb7857,"""z5cjrg3ycp1onjk""",,first_capture,raw/fsa.fhrs.ratings/2026/09/20260914T052108Z-c238d4f70fc5.xml.gz,,
fsa.fhrs.ratings,https://ratings.food.gov.uk/api/open-data-files/FHRS408en-GB.xml,2026-09-14T05:21:11Z,200,text/xml,2719889,de23ea94505420039dc808357613289661ebd54440ffcb05f8af949a0c78e513,"""965l1zub741mamm""",,first_capture,raw/fsa.fhrs.ratings/2026/09/20260914T052111Z-de23ea945054.xml.gz,,
fsa.fhrs.ratings,https://ratings.food.gov.uk/api/open-data-files/FHRS409en-GB.xml,2026-09-14T05:21:14Z,200,text/xml,2362409,90a46c3570df26b52cbea39e069df433c727e21451845511f78ffe35b9c5b5a5,"""d96ych40r51emue""",,first_capture,raw/fsa.fhrs.ratings/2026/09/20260914T052114Z-90a46c3570df.xml.gz,,
fsa.fhrs.ratings,https://ratings.food.gov.uk/api/open-data-files/FHRS410en-GB.xml,2026-09-14T05:21:17Z,200,text/xml,1657530,a788750f29613a6840ba0e415c630db2532930f3349b597e907ce5b0c74437eb,"""zveks0l7aczix9""",,first_capture,raw/fsa.fhrs.ratings/2026/09/20260914T052117Z-a788750f2961.xml.gz,,
fsa.fhrs.ratings,https://ratings.food.gov.uk/api/open-data-files/FHRS411en-GB.xml,2026-09-14T05:21:19Z,200,text/xml,3865634,6e17d1bbe11ee6478eabd04acf1aac7c9f778c4a6c6c10535537ffa7f328bb8d,"""15fekugdkvk2aup1""",,first_capture,raw/fsa.fhrs.ratings/2026/09/20260914T052119Z-6e17d1bbe11e.xml.gz,,
fsa.fhrs.ratings,https://ratings.food.gov.uk/api/open-data-files/FHRS412en-GB.xml,2026-09-14T05:21:22Z,200,text/xml,822077,de77f9010fefbe137947b9bd59eb36294e5c6bd8623e3d3bbbaa9d56ce2b51b4,"""k77ihuewxvhmbg""",,first_capture,raw/fsa.fhrs.ratings/2026/09/20260914T052122Z-de77f9010fef.xml.gz,,
fsa.fhrs.ratings,https://ratings.food.gov.uk/api/open-data-files/FHRS413en-GB.xml,2026-09-14T05:21:25Z,200,text/xml,7153962,11107f9d1975fa3da74045f33bdec627a6f3d1367645a3836e9280d1a5275976,"""vn9eqepizf49c0v""",,first_capture,raw/fsa.fhrs.ratings/2026/09/20260914T052125Z-11107f9d1975.xml.gz,,
fsa.fhrs.ratings,https://ratings.food.gov.uk/api/open-data-files/FHRS414en-GB.xml,2026-09-14T05:21:29Z,200,text/xml,4453558,cab2d4b42b5ff16e5022a308c0f4071a86b486dd64a7ff6194713e1af7cc1b60,"""dpuctkq8je2ng6v""",,first_capture,raw/fsa.fhrs.ratings/2026/09/20260914T052129Z-cab2d4b42b5f.xml.gz,,
fsa.fhrs.ratings,https://ratings.food.gov.uk/api/open-data-files/FHRS415en-GB.xml,2026-09-14T05:21:31Z,200,text/xml,6262175,e7ddf8958161b7c0f8a66dc766ed78a341901b2a3ba555b6c0d067f4d214c34c,"""12z2coe8g3q7wn""",,first_capture,raw/fsa.fhrs.ratings/2026/09/20260914T052131Z-e7ddf8958161.xml.gz,,
fsa.fhrs.ratings,https://ratings.food.gov.uk/api/open-data-files/FHRS416en-GB.xml,2026-09-14T05:21:35Z,200,text/xml,2667399,c034236898eb2f5fd1a00bd069787d691ee183c5fbd1735accd5ed36cbbc87a6,"""9gya29eugi1l648""",,first_capture,raw/fsa.fhrs.ratings/2026/09/20260914T052135Z-c034236898eb.xml.gz,,
fsa.fhrs.ratings,https://ratings.food.gov.uk/api/open-data-files/FHRS417en-GB.xml,2026-09-14T05:21:37Z,200,text/xml,1568518,62e01413995bf6cb3670e2d7f8cc17ed05c53143370f27abf1c245aa0db09e9d,"""7jmvl6e9ytxm9x""",,first_capture,raw/fsa.fhrs.ratings/2026/09/20260914T052137Z-62e01413995b.xml.gz,,
fsa.fhrs.ratings,https://ratings.food.gov.uk/api/open-data-files/FHRS418en-GB.xml,2026-09-14T05:21:40Z,200,text/xml,1836406,c5164d9b1eedd844323ad60b6a0ed7493e38c9082846dc05a9a6be134423aceb,"""mhd11hj15613cz0""",,first_capture,raw/fsa.fhrs.ratings/2026/09/20260914T052140Z-c5164d9b1eed.xml.gz,,
fsa.fhrs.ratings,https://ratings.food.gov.uk/api/open-data-files/FHRS419en-GB.xml,2026-09-14T05:21:43Z,200,text/xml,1864316,4a8dd9d6e436b1678b0e0cb3720d2ab66661821aa62d191b7c07d956db52745a,"""7yl30qeekw13yik""",,first_capture,raw/fsa.fhrs.ratings/2026/09/20260914T052143Z-4a8dd9d6e436.xml.gz,,
fsa.fhrs.ratings,https://ratings.food.gov.uk/api/open-data-files/FHRS420en-GB.xml,2026-09-14T05:21:46Z,200,text/xml,2192284,ca8de231a835a27ed82dd28aa8efde224d1ef9f6e509d8ff193df4784e79b5db,"""j8ty4djigm1azj7""",,first_capture,raw/fsa.fhrs.ratings/2026/09/20260914T052146Z-ca8de231a835.xml.gz,,
fsa.fhrs.ratings,https://ratings.food.gov.uk/api/open-data-files/FHRS421en-GB.xml,2026-09-14T05:21:49Z,200,text/xml,1363258,478907dd5980f6e72839b6a6da208d9a8e1dec0344ab5b6c4282f4f38ea4e7cd,"""1uj6h7kooyt7ve""",,first_capture,raw/fsa.fhrs.ratings/2026/09/20260914T052149Z-478907dd5980.xml.gz,,
fsa.fhrs.ratings,https://ratings.food.gov.uk/api/open-data-files/FHRS422en-GB.xml,2026-09-14T05:21:51Z,200,text/xml,2072555,05a277237425f9b3b72a55a9473cde5d6da7b6a19819761652dffa38f13752da,"""1827azqzku518f6k""",,first_capture,raw/fsa.fhrs.ratings/2026/09/20260914T052151Z-05a277237425.xml.gz,,
fsa.fhrs.ratings,https://ratings.food.gov.uk/api/open-data-files/FHRS423en-GB.xml,2026-09-14T05:21:54Z,200,text/xml,2672130,d83ff82ad4093648f02484c9d21daed411944b2b057432d460282b24ea828ebf,"""15p8ocljbyj1l9pt""",,first_capture,raw/fsa.fhrs.ratings/2026/09/20260914T052154Z-d83ff82ad409.xml.gz,,
fsa.fhrs.ratings,https://ratings.food.gov.uk/api/open-data-files/FHRS424en-GB.xml,2026-09-14T05:21:57Z,200,text/xml,2291658,7f023c64ec346a8f63cc6e5b12840940da4c1f943d0f7134dba204e063274fed,"""kkaum1buxk1d47y""",,first_capture,raw/fsa.fhrs.ratings/2026/09/20260914T052157Z-7f023c64ec34.xml.gz,,
fsa.fhrs.ratings,https://ratings.food.gov.uk/api/open-data-files/FHRS425en-GB.xml,2026-09-14T05:22:00Z,200,text/xml,4782632,7ee0a5aef3527c350ba3355ac428e135512b8dbd8e2f6aef7e7ecd447e90be13,"""d5opa8e6qs2ui7n""",,first_capture,raw/fsa.fhrs.ratings/2026/09/20260914T052200Z-7ee0a5aef352.xml.gz,,
fsa.fhrs.ratings,https://ratings.food.gov.uk/api/open-data-files/FHRS426en-GB.xml,2026-09-14T05:22:03Z,200,text/xml,1432116,00123e170bf70d4ab53580313a13f69289f410ad2032c94fc1ab77f9851500fc,"""od47v4jkqsup10""",,first_capture,raw/fsa.fhrs.ratings/2026/09/20260914T052203Z-00123e170bf7.xml.gz,,
fsa.fhrs.ratings,https://ratings.food.gov.uk/api/open-data-files/FHRS427en-GB.xml,2026-09-14T05:22:06Z,200,text/xml,1090478,30dfd18bdf69bde302d20532498c13da6b0e4798e398bdacb1f4d408f9616e06,"""128uca00e58ndf2""",,first_capture,raw/fsa.fhrs.ratings/2026/09/20260914T052206Z-30dfd18bdf69.xml.gz,,
fsa.fhrs.ratings,https://ratings.food.gov.uk/api/open-data-files/FHRS428en-GB.xml,2026-09-14T05:22:08Z,200,text/xml,2661782,7513dcb5975757e0222019aad1055eb663c7c98b421db9a50cd3ce145cbf63fa,"""75294ds6gk1l1uc""",,first_capture,raw/fsa.fhrs.ratings/2026/09/20260914T052208Z-7513dcb59757.xml.gz,,
fsa.fhrs.ratings,https://ratings.food.gov.uk/api/open-data-files/FHRS429en-GB.xml,2026-09-14T05:22:11Z,200,text/xml,2276214,63fb4c10907836a9209986afb6fcd5d691c6d0b5ded1ad3270405b5e95e263f8,"""wd4shevc581csc0""",,first_capture,raw/fsa.fhrs.ratings/2026/09/20260914T052211Z-63fb4c109078.xml.gz,,
fsa.fhrs.ratings,https://ratings.food.gov.uk/api/open-data-files/FHRS430en-GB.xml,2026-09-14T05:22:14Z,200,text/xml,1769239,2d24c56383ea0bd9da44f5903a83751d837d24a08cf7a4d0948e418cd4e5274c,"""12ghzzqtkru11x5h""",,first_capture,raw/fsa.fhrs.ratings/2026/09/20260914T052214Z-2d24c56383ea.xml.gz,,
fsa.fhrs.ratings,https://ratings.food.gov.uk/api/open-data-files/FHRS431en-GB.xml,2026-09-14T05:22:17Z,200,text/xml,2200985,ef0f716447864b35ce24c36b82170a45cf99c9930ec09fec6a7fafea2f2cba66,"""8bw1412zuz1b67o""",,first_capture,raw/fsa.fhrs.ratings/2026/09/20260914T052217Z-ef0f71644786.xml.gz,,
fsa.fhrs.ratings,https://ratings.food.gov.uk/api/open-data-files/FHRS432en-GB.xml,2026-09-14T05:22:20Z,200,text/xml,2970283,c907f2b3bdbff142179fdf007930c6201cc2adf927dff27ddf0d3eb105d609b4,"""drc6stltix1rnvv""",,first_capture,raw/fsa.fhrs.ratings/2026/09/20260914T052220Z-c907f2b3bdbf.xml.gz,,
fsa.fhrs.ratings,https://ratings.food.gov.uk/api/open-data-files/FHRS433en-GB.xml,2026-09-14T05:22:23Z,200,text/xml,2323113,5d753f8d1a7d6a408138c0b0b7211441865ab197af7b0e09801e22b9a66c77fd,"""1ydstt5vr91dsit""",,first_capture,raw/fsa.fhrs.ratings/2026/09/20260914T052223Z-5d753f8d1a7d.xml.gz,,
fsa.fhrs.ratings,https://ratings.food.gov.uk/api/open-data-files/FHRS434en-GB.xml,2026-09-14T05:22:25Z,200,text/xml,2473414,6c1c1e7216b4a816f6e4665539ed29fed6cae43ff009309cf01fc0b55743bb84,"""j8ds6i4nig1h0f8""",,first_capture,raw/fsa.fhrs.ratings/2026/09/20260914T052225Z-6c1c1e7216b4.xml.gz,,
fsa.fhrs.ratings,https://ratings.food.gov.uk/api/open-data-files/FHRS435en-GB.xml,2026-09-14T05:22:29Z,200,text/xml,2363893,7ae724a29fea4b2f1a65930262bad8b8e052e87043ec5d7a5e41b69c111507fb,"""7wjne3prna1enxs""",,first_capture,raw/fsa.fhrs.ratings/2026/09/20260914T052229Z-7ae724a29fea.xml.gz,,
fsa.fhrs.ratings,https://ratings.food.gov.uk/api/open-data-files/FHRS436en-GB.xml,2026-09-14T05:22:31Z,200,text/xml,2241345,ca396e086bdf12c4c650f34824ee987dd9b16fdc2f63a26684632fe5444b3a00,"""14egvhg4zua1c1fi""",,first_capture,raw/fsa.fhrs.ratings/2026/09/20260914T052231Z-ca396e086bdf.xml.gz,,
fsa.fhrs.ratings,https://ratings.food.gov.uk/api/open-data-files/FHRS501en-GB.xml,2026-09-14T05:22:34Z,200,text/xml,1410557,c6d55bde256b446862ffae0658eed53f2239322e16950e727a582adf3fea1fae,"""14yoantfdzmu8dp""",,first_capture,raw/fsa.fhrs.ratings/2026/09/20260914T052234Z-c6d55bde256b.xml.gz,,
fsa.fhrs.ratings,https://ratings.food.gov.uk/api/open-data-files/FHRS502en-GB.xml,2026-09-14T05:22:37Z,200,text/xml,2595789,8861e93b87e779c43d579ca59a8aea62878c2ca835e075461c404d53e1305cf9,"""qe6wfd5u7a1jmwv""",,first_capture,raw/fsa.fhrs.ratings/2026/09/20260914T052237Z-8861e93b87e7.xml.gz,,
fsa.fhrs.ratings,https://ratings.food.gov.uk/api/open-data-files/FHRS503en-GB.xml,2026-09-14T05:22:39Z,200,text/xml,1732993,0b45c538e969329f530c524320a4aab69871910f34abb14d2791479190d213be,"""dk9gxjwpfg1156n""",,first_capture,raw/fsa.fhrs.ratings/2026/09/20260914T052239Z-0b45c538e969.xml.gz,,
fsa.fhrs.ratings,https://ratings.food.gov.uk/api/open-data-files/FHRS504en-GB.xml,2026-09-14T05:22:42Z,200,text/xml,2439897,f262c4b5617b8fec75d5389cde6a6e1b133bc3b41cba583cf4618c2e9f6d96a0,"""fp9x7fhtbc1gamo""",,first_capture,raw/fsa.fhrs.ratings/2026/09/20260914T052242Z-f262c4b5617b.xml.gz,,
fsa.fhrs.ratings,https://ratings.food.gov.uk/api/open-data-files/FHRS505en-GB.xml,2026-09-14T05:22:45Z,200,text/xml,2339507,55d683088e318e3788d8dc3ec833dd2f3f2d04e0a5308b78bf93f260e0829b44,"""gg060s0ukz1e54l""",,first_capture,raw/fsa.fhrs.ratings/2026/09/20260914T052245Z-55d683088e31.xml.gz,,
fsa.fhrs.ratings,https://ratings.food.gov.uk/api/open-data-files/FHRS506en-GB.xml,2026-09-14T05:22:48Z,200,text/xml,4120893,9bc48ef67415eb6f0b0542b9854a25a5c2a05686e1a617e251936f006761a2a7,"""153yts7wvlh2gbmc""",,first_capture,raw/fsa.fhrs.ratings/2026/09/20260914T052248Z-9bc48ef67415.xml.gz,,
fsa.fhrs.ratings,https://ratings.food.gov.uk/api/open-data-files/FHRS507en-GB.xml,2026-09-14T05:22:51Z,200,text/xml,3033538,2986492d4b9b2ff2a364f969f7f269f24d22d2fe5f5f05862c92ec5a8c81de5e,"""5phpwktesl1t0or""",,first_capture,raw/fsa.fhrs.ratings/2026/09/20260914T052251Z-2986492d4b9b.xml.gz,,
fsa.fhrs.ratings,https://ratings.food.gov.uk/api/open-data-files/FHRS508en-GB.xml,2026-09-14T05:22:54Z,200,text/xml,1948737,1ec2c2d93d3c9a43acb53a368f7b75c5771e351f622a48c8e41792964fcf7959,"""95bo1whsg515rnf""",,first_capture,raw/fsa.fhrs.ratings/2026/09/20260914T052254Z-1ec2c2d93d3c.xml.gz,,
fsa.fhrs.ratings,https://ratings.food.gov.uk/api/open-data-files/FHRS509en-GB.xml,2026-09-14T05:22:57Z,200,text/xml,3791319,e0d691cc2f1cacf9401a90e999b475edc81b70a557430def70e65a3cc5a37ff6,"""o8kvg9u9iz299e3""",,first_capture,raw/fsa.fhrs.ratings/2026/09/20260914T052257Z-e0d691cc2f1c.xml.gz,,
fsa.fhrs.ratings,https://ratings.food.gov.uk/api/open-data-files/FHRS510en-GB.xml,2026-09-14T05:23:00Z,200,text/xml,2360832,598eefc45d11b81f91498f08e4ec2c4ff3d1d924e70436bec686e5ca5357590e,"""2nadj2sepv1elmo""",,first_capture,raw/fsa.fhrs.ratings/2026/09/20260914T052300Z-598eefc45d11.xml.gz,,
fsa.fhrs.ratings,https://ratings.food.gov.uk/api/open-data-files/FHRS511en-GB.xml,2026-09-14T05:23:02Z,200,text/xml,2381404,6fb09f7d740c6b78713f520ee28f0c5c7ca53e858925ce7b8e791af2af6ede7a,"""1716s2k3g4z1f1f8""",,first_capture,raw/fsa.fhrs.ratings/2026/09/20260914T052302Z-6fb09f7d740c.xml.gz,,
fsa.fhrs.ratings,https://ratings.food.gov.uk/api/open-data-files/FHRS512en-GB.xml,2026-09-14T05:23:05Z,200,text/xml,2484706,efc03f9df6916595faf42382cd2b9678bfa872fd6d540ae21fb76fc196909bd1,"""w7ycihm5gm1h94y""",,first_capture,raw/fsa.fhrs.ratings/2026/09/20260914T052305Z-efc03f9df691.xml.gz,,
fsa.fhrs.ratings,https://ratings.food.gov.uk/api/open-data-files/FHRS513en-GB.xml,2026-09-14T05:23:08Z,200,text/xml,2010007,f2f6b73c18d8beba7543d9dc376bf7843c19a564e40f972eefb3b8f2712ab2ec,"""vdmzp5i53g172x6""",,first_capture,raw/fsa.fhrs.ratings/2026/09/20260914T052308Z-f2f6b73c18d8.xml.gz,,
fsa.fhrs.ratings,https://ratings.food.gov.uk/api/open-data-files/FHRS514en-GB.xml,2026-09-14T05:23:11Z,200,text/xml,1970977,c6005e98fa2d9ca7a765f5d1d9e296fafe3e74cd6600c21e6be8f77882a8c5c0,"""6vz0o88hpe168s3""",,first_capture,raw/fsa.fhrs.ratings/2026/09/20260914T052311Z-c6005e98fa2d.xml.gz,,
fsa.fhrs.ratings,https://ratings.food.gov.uk/api/open-data-files/FHRS515en-GB.xml,2026-09-14T05:23:14Z,200,text/xml,1776387,88f550d94e43193071a91df2a27f8983bc74f191ddaa4a6a3805f1cdd0080296,"""a7ycj7f4c5122nz""",,first_capture,raw/fsa.fhrs.ratings/2026/09/20260914T052314Z-88f550d94e43.xml.gz,,
fsa.fhrs.ratings,https://ratings.food.gov.uk/api/open-data-files/FHRS516en-GB.xml,2026-09-14T05:23:17Z,200,text/xml,1875912,a48d61187adf0a162d620d39a0fa14f8d2d71ca5765b7a16cf94cf0b9500842a,"""ft73svig2k147dr""",,first_capture,raw/fsa.fhrs.ratings/2026/09/20260914T052317Z-a48d61187adf.xml.gz,,
fsa.fhrs.ratings,https://ratings.food.gov.uk/api/open-data-files/FHRS517en-GB.xml,2026-09-14T05:23:19Z,200,text/xml,2253829,de48534346019f084863cae1b6804439a8f19d86833f05deceda1c46b13d32ba,"""c1gd72hvrp1cb29""",,first_capture,raw/fsa.fhrs.ratings/2026/09/20260914T052319Z-de4853434601.xml.gz,,
fsa.fhrs.ratings,https://ratings.food.gov.uk/api/open-data-files/FHRS518en-GB.xml,2026-09-14T05:23:22Z,200,text/xml,2237171,24f7b9b8631039cdfceebc600ddaec2afb9ad48d659550964f9a098406d35fb8,"""wua28z40io1by2v""",,first_capture,raw/fsa.fhrs.ratings/2026/09/20260914T052322Z-24f7b9b86310.xml.gz,,
fsa.fhrs.ratings,https://ratings.food.gov.uk/api/open-data-files/FHRS519en-GB.xml,2026-09-14T05:23:25Z,200,text/xml,2740024,6b680733a645fd0c1c850a35a434b49746448d367b2363ac0b2b3e39b656525a,"""38gsvdhhdr1mq7c""",,first_capture,raw/fsa.fhrs.ratings/2026/09/20260914T052325Z-6b680733a645.xml.gz,,
fsa.fhrs.ratings,https://ratings.food.gov.uk/api/open-data-files/FHRS520en-GB.xml,2026-09-14T05:23:28Z,200,text/xml,1979163,d649bc31456c8e804bb9b6c075188c59074a5dad33533fa3601dbda10252dda5,"""f13avet6y916f4i""",,first_capture,raw/fsa.fhrs.ratings/2026/09/20260914T052328Z-d649bc31456c.xml.gz,,
fsa.fhrs.ratings,https://ratings.food.gov.uk/api/open-data-files/FHRS521en-GB.xml,2026-09-14T05:23:31Z,200,text/xml,1417904,c9684970def681ee2704ccedc2c659c0f7412fca767555fd0e9bd9fd064ccce0,"""bew9ub5j5fue24""",,first_capture,raw/fsa.fhrs.ratings/2026/09/20260914T052331Z-c9684970def6.xml.gz,,
fsa.fhrs.ratings,https://ratings.food.gov.uk/api/open-data-files/FHRS522en-GB.xml,2026-09-14T05:23:34Z,200,text/xml,2616798,c4aad8f2abf008aeb5349182132ee1395e6fc46acb0d4cb5ddae394fda69e60e,"""8wyexl9o8r1k34r""",,first_capture,raw/fsa.fhrs.ratings/2026/09/20260914T052334Z-c4aad8f2abf0.xml.gz,,
fsa.fhrs.ratings,https://ratings.food.gov.uk/api/open-data-files/FHRS523en-GB.xml,2026-09-14T05:23:36Z,200,text/xml,2545810,0fa88ac6cfb5b896cb3f9f05eb4d10046555faf30ac897a58912494004faf60e,"""g9rxmj22ek1ikcy""",,first_capture,raw/fsa.fhrs.ratings/2026/09/20260914T052336Z-0fa88ac6cfb5.xml.gz,,
fsa.fhrs.ratings,https://ratings.food.gov.uk/api/open-data-files/FHRS524en-GB.xml,2026-09-14T05:23:39Z,200,text/xml,1538223,7295178c813986793decedbf5f3821353768af0a3f86656c445c204bbdadb572,"""wr465gvzzewyv5""",,first_capture,raw/fsa.fhrs.ratings/2026/09/20260914T052339Z-7295178c8139.xml.gz,,
fsa.fhrs.ratings,https://ratings.food.gov.uk/api/open-data-files/FHRS525en-GB.xml,2026-09-14T05:23:42Z,200,text/xml,2667631,95392e713a675ff188545e58076d5c1687a51e983a7460897d8fd3b709c908ce,"""7vt69fagsy1l6cv""",,first_capture,raw/fsa.fhrs.ratings/2026/09/20260914T052342Z-95392e713a67.xml.gz,,
fsa.fhrs.ratings,https://ratings.food.gov.uk/api/open-data-files/FHRS526en-GB.xml,2026-09-14T05:23:45Z,200,text/xml,2083064,7d92e005f8a67576ca2d460fb79ebc360991c42acbbfa615c0acd4718602e728,"""knh9bu2opc18n40""",,first_capture,raw/fsa.fhrs.ratings/2026/09/20260914T052345Z-7d92e005f8a6.xml.gz,,
fsa.fhrs.ratings,https://ratings.food.gov.uk/api/open-data-files/FHRS527en-GB.xml,2026-09-14T05:23:48Z,200,text/xml,1598566,48bbde8de27f617ff54dd7d60ced62500306f8e43fdc1d9179ee937686913424,"""ycoz3984t2y9g1""",,first_capture,raw/fsa.fhrs.ratings/2026/09/20260914T052348Z-48bbde8de27f.xml.gz,,
fsa.fhrs.ratings,https://ratings.food.gov.uk/api/open-data-files/FHRS528en-GB.xml,2026-09-14T05:23:50Z,200,text/xml,3324289,3b38ac1e377cefca902796079f2fde3157cd1f4fed610954b425299b6a1ef571,"""lrnf0da3bo1z91a""",,first_capture,raw/fsa.fhrs.ratings/2026/09/20260914T052350Z-3b38ac1e377c.xml.gz,,
fsa.fhrs.ratings,https://ratings.food.gov.uk/api/open-data-files/FHRS529en-GB.xml,2026-09-14T05:23:56Z,200,text/xml,1269337,4da85831c5cf32550966845735f4c764c4dbfd8057c590db97787994feeb3563,"""ot43dfd7yor7fc""",,first_capture,raw/fsa.fhrs.ratings/2026/09/20260914T052356Z-4da85831c5cf.xml.gz,,
fsa.fhrs.ratings,https://ratings.food.gov.uk/api/open-data-files/FHRS530en-GB.xml,2026-09-14T05:23:57Z,200,text/xml,3190385,d47af8c1b264b8a59d79ba7ebbef83ab2d6f1364c1dd49665aba258526af29f2,"""e8c1utxr491wdpl""",,first_capture,raw/fsa.fhrs.ratings/2026/09/20260914T052357Z-d47af8c1b264.xml.gz,,
fsa.fhrs.ratings,https://ratings.food.gov.uk/api/open-data-files/FHRS531en-GB.xml,2026-09-14T05:24:00Z,200,text/xml,2014775,3e7e72d0ee40a1a4822eb24986d5fb6aee7a8cbf4d292f2fd4993b88e4b4c7df,"""128we4sygj5176l1""",,first_capture,raw/fsa.fhrs.ratings/2026/09/20260914T052400Z-3e7e72d0ee40.xml.gz,,
fsa.fhrs.ratings,https://ratings.food.gov.uk/api/open-data-files/FHRS532en-GB.xml,2026-09-14T05:24:02Z,200,text/xml,2913177,1be8629095687601560d0f0502298e08da7118da20b663d005e00bc2028eb9cb,"""ikjug1h1sh1qfsr""",,first_capture,raw/fsa.fhrs.ratings/2026/09/20260914T052402Z-1be862909568.xml.gz,,
fsa.fhrs.ratings,https://ratings.food.gov.uk/api/open-data-files/FHRS533en-GB.xml,2026-09-14T05:24:05Z,200,text/xml,5686767,454c06f57b315f459970e25c0adc9888343ed74da71d058646077335b4a862e5,"""10k1b0u2ic53dvwi""",,first_capture,raw/fsa.fhrs.ratings/2026/09/20260914T052405Z-454c06f57b31.xml.gz,,
fsa.fhrs.ratings,https://ratings.food.gov.uk/api/open-data-files/FHRS550en-GB.xml,2026-09-14T05:24:13Z,200,text/xml,1588367,d711d9bf54a00800cc7a6b9c50479200a11daa4bca7d9e6628c1be318668f404,"""4cntn90jsuy1kc""",,first_capture,raw/fsa.fhrs.ratings/2026/09/20260914T052413Z-d711d9bf54a0.xml.gz,,
fsa.fhrs.ratings,https://ratings.food.gov.uk/api/open-data-files/FHRS551en-GB.xml,2026-09-14T05:24:18Z,200,text/xml,802874,0da7111b675fc84efefdbbf8da8df8150643a6790a0a84ca166b51af943a491e,"""2vhv8b75s2h7hu""",,first_capture,raw/fsa.fhrs.ratings/2026/09/20260914T052418Z-0da7111b675f.xml.gz,,
fsa.fhrs.ratings,https://ratings.food.gov.uk/api/open-data-files/FHRS552en-GB.xml,2026-09-14T05:24:20Z,200,text/xml,685315,eb8ce9b3827ae3fd86cc3e25fef44af359d7f1fa722249e650c69c8dce9a0a18,"""8r60gfh81jeos3""",,first_capture,raw/fsa.fhrs.ratings/2026/09/20260914T052420Z-eb8ce9b3827a.xml.gz,,
fsa.fhrs.ratings,https://ratings.food.gov.uk/api/open-data-files/FHRS553en-GB.xml,2026-09-14T05:24:22Z,200,text/xml,1340218,5d0799bbbe8aaca2fd768de66da671fd96b1a187a3e021f7ea35afbf69fed225,"""13em40ozohisq2r""",,first_capture,raw/fsa.fhrs.ratings/2026/09/20260914T052422Z-5d0799bbbe8a.xml.gz,,
fsa.fhrs.ratings,https://ratings.food.gov.uk/api/open-data-files/FHRS554en-GB.xml,2026-09-14T05:24:25Z,200,text/xml,2152859,3c29be1673ae2249d23fbe8898a586a738209aaadc1ff0db9a459142ec432859,"""11nngrx1qao1a4wa""",,first_capture,raw/fsa.fhrs.ratings/2026/09/20260914T052425Z-3c29be1673ae.xml.gz,,
fsa.fhrs.ratings,https://ratings.food.gov.uk/api/open-data-files/FHRS555en-GB.xml,2026-09-14T05:24:27Z,200,text/xml,1584717,d70f449d792d6cf7d083353ac153ccc72e1865abf82b968b87a84b185e49a2b5,"""zg9p5bfwyzxyqg""",,first_capture,raw/fsa.fhrs.ratings/2026/09/20260914T052427Z-d70f449d792d.xml.gz,,
fsa.fhrs.ratings,https://ratings.food.gov.uk/api/open-data-files/FHRS556en-GB.xml,2026-09-14T05:24:30Z,200,text/xml,3678429,bfc5a961daba4193291f296cbd79d3d8455eaf820b43d7a4c20b427cb3d9607f,"""14g10fp1y2226u6o""",,first_capture,raw/fsa.fhrs.ratings/2026/09/20260914T052430Z-bfc5a961daba.xml.gz,,
fsa.fhrs.ratings,https://ratings.food.gov.uk/api/open-data-files/FHRS557en-GB.xml,2026-09-14T05:24:33Z,200,text/xml,1075007,6ebd8269b75f350ddb7dde0b5f067baa801eea5be13ab113a31dcf551627dcb9,"""123y3nq3qgln1gi""",,first_capture,raw/fsa.fhrs.ratings/2026/09/20260914T052433Z-6ebd8269b75f.xml.gz,,
fsa.fhrs.ratings,https://ratings.food.gov.uk/api/open-data-files/FHRS558en-GB.xml,2026-09-14T05:24:36Z,200,text/xml,2237810,b75d042f37be00afcd44141171fcf2ef78147b1c28436598a177fddec08d6fdd,"""12q0n9mvp6p1byor""",,first_capture,raw/fsa.fhrs.ratings/2026/09/20260914T052436Z-b75d042f37be.xml.gz,,
fsa.fhrs.ratings,https://ratings.food.gov.uk/api/open-data-files/FHRS559en-GB.xml,2026-09-14T05:24:39Z,200,text/xml,1165229,59ef24fe3bc4c18f88726c4f149f5d41d7db7f702349445985c43a80500355ef,"""rvyu17po5soz2h""",,first_capture,raw/fsa.fhrs.ratings/2026/09/20260914T052439Z-59ef24fe3bc4.xml.gz,,
fsa.fhrs.ratings,https://ratings.food.gov.uk/api/open-data-files/FHRS560en-GB.xml,2026-09-14T05:24:41Z,200,text/xml,1335490,29a857069bb47a45cc146808129544e8f9987f74db17884a4038b1f81fc1ec67,"""soicwvjsv8smgw""",,first_capture,raw/fsa.fhrs.ratings/2026/09/20260914T052441Z-29a857069bb4.xml.gz,,
fsa.fhrs.ratings,https://ratings.food.gov.uk/api/open-data-files/FHRS561en-GB.xml,2026-09-14T05:24:44Z,200,text/xml,577206,82f36102cd17da4597390780c52560a93f374ea32ce153604a733c531ff88436,"""14fw6c7onjfcdd0""",,first_capture,raw/fsa.fhrs.ratings/2026/09/20260914T052444Z-82f36102cd17.xml.gz,,
fsa.fhrs.ratings,https://ratings.food.gov.uk/api/open-data-files/FHRS562en-GB.xml,2026-09-14T05:24:46Z,200,text/xml,1115796,d83eab680811198e2390d17c6c9e61497e5387e98179bc21e30b3bf9783fe78f,"""g54j8cah6lnwyc""",,first_capture,raw/fsa.fhrs.ratings/2026/09/20260914T052446Z-d83eab680811.xml.gz,,
fsa.fhrs.ratings,https://ratings.food.gov.uk/api/open-data-files/FHRS563en-GB.xml,2026-09-14T05:24:49Z,200,text/xml,1229161,863f2c44750c146644315a7ac5b79d1a7ea95c157aafeeb8d9f15859e54576ed,"""2c0xi33whpqcf2""",,first_capture,raw/fsa.fhrs.ratings/2026/09/20260914T052449Z-863f2c44750c.xml.gz,,
fsa.fhrs.ratings,https://ratings.food.gov.uk/api/open-data-files/FHRS564en-GB.xml,2026-09-14T05:24:52Z,200,text/xml,1364940,39bbb9cdc4f6b24063f253abf59f31a457eb34b99a0a6da8537b6270f99854bf,"""rqlobwvh6t96y""",,first_capture,raw/fsa.fhrs.ratings/2026/09/20260914T052452Z-39bbb9cdc4f6.xml.gz,,
fsa.fhrs.ratings,https://ratings.food.gov.uk/api/open-data-files/FHRS565en-GB.xml,2026-09-14T05:24:54Z,200,text/xml,2252021,56b843ef86209d7f218843e99e1fbf1e241d5389d577d5c2b6d83cb45f02d492,"""1179a1f8hsh1c9mu""",,first_capture,raw/fsa.fhrs.ratings/2026/09/20260914T052454Z-56b843ef8620.xml.gz,,
fsa.fhrs.ratings,https://ratings.food.gov.uk/api/open-data-files/FHRS566en-GB.xml,2026-09-14T05:24:57Z,200,text/xml,2520558,32966d99d678968f2b968628604c6c92952f191fc9363b821522ed540c41f825,"""f6ja78s0qx1i0vh""",,first_capture,raw/fsa.fhrs.ratings/2026/09/20260914T052457Z-32966d99d678.xml.gz,,
fsa.fhrs.ratings,https://ratings.food.gov.uk/api/open-data-files/FHRS567en-GB.xml,2026-09-14T05:25:00Z,200,text/xml,2249607,671f192a6b3183f7838aff594f8caf6ddde2c6c716a3e8b9e67168e34277f4da,"""ybv6a4qi921c7sl""",,first_capture,raw/fsa.fhrs.ratings/2026/09/20260914T052500Z-671f192a6b31.xml.gz,,
fsa.fhrs.ratings,https://ratings.food.gov.uk/api/open-data-files/FHRS568en-GB.xml,2026-09-14T05:25:03Z,200,text/xml,2327957,7e62d17de70a611516cb9e7a9dc65dd7a361fc94b343e89cc3b743d7b4784cc3,"""heziltkmex1dw8e""",,first_capture,raw/fsa.fhrs.ratings/2026/09/20260914T052503Z-7e62d17de70a.xml.gz,,
fsa.fhrs.ratings,https://ratings.food.gov.uk/api/open-data-files/FHRS569en-GB.xml,2026-09-14T05:25:06Z,200,text/xml,792971,1a4a58d901927f270b4b47bba152c7656d30d076dd6e52bf53f589fe61f125cd,"""g9udvuxlsfgzu3""",,first_capture,raw/fsa.fhrs.ratings/2026/09/20260914T052506Z-1a4a58d90192.xml.gz,,
fsa.fhrs.ratings,https://ratings.food.gov.uk/api/open-data-files/FHRS570en-GB.xml,2026-09-14T05:25:08Z,200,text/xml,1367540,a4925eac4f32e0dae2c40383b4e5045ace46b2bf730aecb3e3021c1575a98306,"""a297z6txvptb5s""",,first_capture,raw/fsa.fhrs.ratings/2026/09/20260914T052508Z-a4925eac4f32.xml.gz,,
fsa.fhrs.ratings,https://ratings.food.gov.uk/api/open-data-files/FHRS571en-GB.xml,2026-09-14T05:25:11Z,200,text/xml,1175306,9391be5fd6df38cc768f973526aea914c8b019a5db861d3980beb87f6349912e,"""16d5bludxkgp6va""",,first_capture,raw/fsa.fhrs.ratings/2026/09/20260914T052511Z-9391be5fd6df.xml.gz,,
fsa.fhrs.ratings,https://ratings.food.gov.uk/api/open-data-files/FHRS626en-GB.xml,2026-09-14T05:25:13Z,200,text/xml,5571,efd18b0227fabbbbe4788df621b666bf81ab9555cfdc64335d2bd2b334469b07,"""nt0t9eghc64ar""",,first_capture,raw/fsa.fhrs.ratings/2026/09/20260914T052513Z-efd18b0227fa.xml.gz,,
fsa.fhrs.ratings,https://ratings.food.gov.uk/api/open-data-files/FHRS648en-GB.xml,2026-09-14T05:25:16Z,200,text/xml,3321,573cf48237d603bdd92e9c600a5e520b0b471997878361369fc5aba85f8042a4,"""17yz70xd6fy2k9""",,first_capture,raw/fsa.fhrs.ratings/2026/09/20260914T052516Z-573cf48237d6.xml.gz,,
fsa.fhrs.ratings,https://ratings.food.gov.uk/api/open-data-files/FHRS701en-GB.xml,2026-09-14T05:25:18Z,200,text/xml,1522438,41d498531a07c9fdbed311ee17fa86e689cb27188217a59d40bc205f0b615b6e,"""azjjij85qwwmny""",,first_capture,raw/fsa.fhrs.ratings/2026/09/20260914T052518Z-41d498531a07.xml.gz,,
fsa.fhrs.ratings,https://ratings.food.gov.uk/api/open-data-files/FHRS702en-GB.xml,2026-09-14T05:25:21Z,200,text/xml,1770056,62b38c4e2ecbd1134fffec6b1f718f5ec372197352bec73e294be810ef6fae32,"""1ifrw0rp7q11xrt""",,first_capture,raw/fsa.fhrs.ratings/2026/09/20260914T052521Z-62b38c4e2ecb.xml.gz,,
fsa.fhrs.ratings,https://ratings.food.gov.uk/api/open-data-files/FHRS703en-GB.xml,2026-09-14T05:25:23Z,200,text/xml,3104253,e4f936aed30e453c5676ac5839d061d0979d1f358f2e6aa5b9f169c3a03d19d7,"""51otnfgb201uj7k""",,first_capture,raw/fsa.fhrs.ratings/2026/09/20260914T052523Z-e4f936aed30e.xml.gz,,
fsa.fhrs.ratings,https://ratings.food.gov.uk/api/open-data-files/FHRS704en-GB.xml,2026-09-14T05:25:26Z,200,text/xml,3103294,e392e63e1c6d9813716e2f9586f2c3b97273ee4274ae1b65687f775212acb65e,"""tcogwo7g8o1uiih""",,first_capture,raw/fsa.fhrs.ratings/2026/09/20260914T052526Z-e392e63e1c6d.xml.gz,,
fsa.fhrs.ratings,https://ratings.food.gov.uk/api/open-data-files/FHRS705en-GB.xml,2026-09-14T05:25:29Z,200,text/xml,5560254,5ac75b6d41c41416b5dbc2a9e5ae2f645e9133e7563215535a497c89094cb922,"""ljfpbv8mky3b6ay""",,first_capture,raw/fsa.fhrs.ratings/2026/09/20260914T052529Z-5ac75b6d41c4.xml.gz,,
fsa.fhrs.ratings,https://ratings.food.gov.uk/api/open-data-files/FHRS706en-GB.xml,2026-09-14T05:25:32Z,200,text/xml,4332127,1c1c55a0b25778abe63f4e0822392dc883ffdff38ad7156aa987a889c0959fe9,"""38fp1x17ee2kuop""",,first_capture,raw/fsa.fhrs.ratings/2026/09/20260914T052532Z-1c1c55a0b257.xml.gz,,
fsa.fhrs.ratings,https://ratings.food.gov.uk/api/open-data-files/FHRS707en-GB.xml,2026-09-14T05:25:35Z,200,text/xml,3546881,b74585f7bd183d84527e122e82172be889964b371dd510ee6f1ae788ab865142,"""zrv7gfijwy240sg""",,first_capture,raw/fsa.fhrs.ratings/2026/09/20260914T052535Z-b74585f7bd18.xml.gz,,
fsa.fhrs.ratings,https://ratings.food.gov.uk/api/open-data-files/FHRS708en-GB.xml,2026-09-14T05:25:38Z,200,text/xml,3101731,b5cbb0675026a898cc4e7b4e2da57163d51d517fd6d2d2184a554820e786e19b,"""vehss9tfp71uh9y""",,first_capture,raw/fsa.fhrs.ratings/2026/09/20260914T052538Z-b5cbb0675026.xml.gz,,
fsa.fhrs.ratings,https://ratings.food.gov.uk/api/open-data-files/FHRS709en-GB.xml,2026-09-14T05:25:41Z,200,text/xml,3919506,981a6f84ed7594244ac1d07beee0b89cf4819ce542b4168150c71030ccf7dcec,"""3hsgj1if4d2c0ay""",,first_capture,raw/fsa.fhrs.ratings/2026/09/20260914T052541Z-981a6f84ed75.xml.gz,,
fsa.fhrs.ratings,https://ratings.food.gov.uk/api/open-data-files/FHRS760en-GB.xml,2026-09-14T05:25:44Z,200,text/xml,2049763,c23f414c25774d3cc2a077f5176cc40aeb1188d33a8ff8ec419c0769f3be5f17,"""15sua6xg10r17xlr""",,first_capture,raw/fsa.fhrs.ratings/2026/09/20260914T052544Z-c23f414c2577.xml.gz,,
fsa.fhrs.ratings,https://ratings.food.gov.uk/api/open-data-files/FHRS761en-GB.xml,2026-09-14T05:25:47Z,200,text/xml,2519794,f34c8dbd13ae1cc7c7cdf5fcf4c22761f6da404174922128dc08e4cf14741d3c,"""7twhbday8w1i0a8""",,first_capture,raw/fsa.fhrs.ratings/2026/09/20260914T052547Z-f34c8dbd13ae.xml.gz,,
fsa.fhrs.ratings,https://ratings.food.gov.uk/api/open-data-files/FHRS762en-GB.xml,2026-09-14T05:25:50Z,200,text/xml,885729,f210db9bf8b119a5b2edfe234ebf749aa832eb9cf4e1fac2847d5c2cf8057597,"""143i9d1zj2iizfi""",,first_capture,raw/fsa.fhrs.ratings/2026/09/20260914T052550Z-f210db9bf8b1.xml.gz,,
fsa.fhrs.ratings,https://ratings.food.gov.uk/api/open-data-files/FHRS763en-GB.xml,2026-09-14T05:25:53Z,200,text/xml,1122331,942e0bec460e7814232fe0207f71f0eac3ad8dd3965fcf6128a2fa7f3b672285,"""bakfrbovfpo1zv""",,first_capture,raw/fsa.fhrs.ratings/2026/09/20260914T052553Z-942e0bec460e.xml.gz,,
fsa.fhrs.ratings,https://ratings.food.gov.uk/api/open-data-files/FHRS764en-GB.xml,2026-09-14T05:25:55Z,200,text/xml,1137643,081220cb9221b6b4996b0c938f0816e0cea1affd547d5725df34ea51ace85565,"""q6r48m9s6kodt7""",,first_capture,raw/fsa.fhrs.ratings/2026/09/20260914T052555Z-081220cb9221.xml.gz,,
fsa.fhrs.ratings,https://ratings.food.gov.uk/api/open-data-files/FHRS765en-GB.xml,2026-09-14T05:25:58Z,200,text/xml,1271707,b91852d291b4291cf70b8e51e762f28c757335c1735858d17315c5295b3dbf05,"""2rxll7l2uwr997""",,first_capture,raw/fsa.fhrs.ratings/2026/09/20260914T052558Z-b91852d291b4.xml.gz,,
fsa.fhrs.ratings,https://ratings.food.gov.uk/api/open-data-files/FHRS766en-GB.xml,2026-09-14T05:26:00Z,200,text/xml,1054103,be1acb4cea3cc36193448834eabcc2cf73f1bb0c1d241a811589861166e922dc,"""fulaklf9zimlcn""",,first_capture,raw/fsa.fhrs.ratings/2026/09/20260914T052600Z-be1acb4cea3c.xml.gz,,
fsa.fhrs.ratings,https://ratings.food.gov.uk/api/open-data-files/FHRS767en-GB.xml,2026-09-14T05:26:03Z,200,text/xml,1469134,b9c0b343b696c68f83870bc67050a88cad8dbd93f830e928058ecb340bf5bf95,"""6e9gvc3qy6vhl7""",,first_capture,raw/fsa.fhrs.ratings/2026/09/20260914T052603Z-b9c0b343b696.xml.gz,,
fsa.fhrs.ratings,https://ratings.food.gov.uk/api/open-data-files/FHRS768en-GB.xml,2026-09-14T05:26:05Z,200,text/xml,456751,2c6717258de9685ad65f459c9ecdf4a887e24b94c33c5a0295d74346e08f785a,"""314ff1z30f9sfj""",,first_capture,raw/fsa.fhrs.ratings/2026/09/20260914T052605Z-2c6717258de9.xml.gz,,
fsa.fhrs.ratings,https://ratings.food.gov.uk/api/open-data-files/FHRS769en-GB.xml,2026-09-14T05:26:08Z,200,text/xml,667503,6eb66f10c4846f4d4c5d09894c6a1324ca798ae5bb46385a9056fcc21f92784c,"""vittj8759web1q""",,first_capture,raw/fsa.fhrs.ratings/2026/09/20260914T052608Z-6eb66f10c484.xml.gz,,
fsa.fhrs.ratings,https://ratings.food.gov.uk/api/open-data-files/FHRS770en-GB.xml,2026-09-14T05:26:10Z,200,text/xml,2352168,cd4020bd40f94c4a899d23d43448980422d2c541e9f1e42700543ecb34dc5047,"""xnftiz5ict1eexv""",,first_capture,raw/fsa.fhrs.ratings/2026/09/20260914T052610Z-cd4020bd40f9.xml.gz,,
fsa.fhrs.ratings,https://ratings.food.gov.uk/api/open-data-files/FHRS771en-GB.xml,2026-09-14T05:26:13Z,200,text/xml,665968,b539e525a0d1f19567cc4b54b4702150cc67fa52900521044ea1a5b3c9b91404,"""62ocq73groe9v4""",,first_capture,raw/fsa.fhrs.ratings/2026/09/20260914T052613Z-b539e525a0d1.xml.gz,,
fsa.fhrs.ratings,https://ratings.food.gov.uk/api/open-data-files/FHRS772en-GB.xml,2026-09-14T05:26:16Z,200,text/xml,1320920,b99053dbe944e4fdf8a40aa8a553e7afc964ade4a54eafac69144af04bc7e613,"""paqi7d2movsb84""",,first_capture,raw/fsa.fhrs.ratings/2026/09/20260914T052616Z-b99053dbe944.xml.gz,,
fsa.fhrs.ratings,https://ratings.food.gov.uk/api/open-data-files/FHRS773en-GB.xml,2026-09-14T05:26:18Z,200,text/xml,4786586,c556e6653e4ea8486f24065d506d76583e8dc8adce53a62260905eddf6a5b85b,"""4qfq2ukpf62ul93""",,first_capture,raw/fsa.fhrs.ratings/2026/09/20260914T052618Z-c556e6653e4e.xml.gz,,
fsa.fhrs.ratings,https://ratings.food.gov.uk/api/open-data-files/FHRS774en-GB.xml,2026-09-14T05:26:22Z,200,text/xml,1083213,26c6a37032e42889b9d5ec7e69517eaf2afaf119c6cea9e251e3a5e2c7347da2,"""w28qh8wudsn7t9""",,first_capture,raw/fsa.fhrs.ratings/2026/09/20260914T052622Z-26c6a37032e4.xml.gz,,
fsa.fhrs.ratings,https://ratings.food.gov.uk/api/open-data-files/FHRS775en-GB.xml,2026-09-14T05:26:24Z,200,text/xml,4358721,e26cb3a7ded529c04ad809d7da384c9e4e64f264c4464cf6d5e42258993d8d37,"""p26t6nyqxt2lf7h""",,first_capture,raw/fsa.fhrs.ratings/2026/09/20260914T052624Z-e26cb3a7ded5.xml.gz,,
fsa.fhrs.ratings,https://ratings.food.gov.uk/api/open-data-files/FHRS776en-GB.xml,2026-09-14T05:26:27Z,200,text/xml,6029463,d8b988e7f0ac3a36ea9eb9e0529eabcee01684e83deb2c2af8a1d573e9cff9e0,"""cauz34bzi53l8co""",,first_capture,raw/fsa.fhrs.ratings/2026/09/20260914T052627Z-d8b988e7f0ac.xml.gz,,
fsa.fhrs.ratings,https://ratings.food.gov.uk/api/open-data-files/FHRS777en-GB.xml,2026-09-14T05:26:30Z,200,text/xml,5512379,c761f0b3934c05eeb02e3f7a52cfaa89133cce0e329c39c607d0e20d7be75dee,"""10bv0ckbze53a5di""",,first_capture,raw/fsa.fhrs.ratings/2026/09/20260914T052630Z-c761f0b3934c.xml.gz,,
fsa.fhrs.ratings,https://ratings.food.gov.uk/api/open-data-files/FHRS778en-GB.xml,2026-09-14T05:26:34Z,200,text/xml,599372,01d08b597a75b19c0a0e077883894456d6e0c1a33c9cb8dc82a9f4de2578b448,"""fkii2tqr54cuh8""",,first_capture,raw/fsa.fhrs.ratings/2026/09/20260914T052634Z-01d08b597a75.xml.gz,,
fsa.fhrs.ratings,https://ratings.food.gov.uk/api/open-data-files/FHRS779en-GB.xml,2026-09-14T05:26:37Z,200,text/xml,2499664,04bdf8e126a7355f7a14c8064be3bd3ec84a8b2e85c6a38a1e9d577dde5d62aa,"""xr9x8ui7191hkr4""",,first_capture,raw/fsa.fhrs.ratings/2026/09/20260914T052637Z-04bdf8e126a7.xml.gz,,
fsa.fhrs.ratings,https://ratings.food.gov.uk/api/open-data-files/FHRS780en-GB.xml,2026-09-14T05:26:40Z,200,text/xml,2394687,f4eb6be910b29c2303535831a988955d1d67b2ad5a90535a290290f9e98e8621,"""myzf0fhm2c1fbqz""",,first_capture,raw/fsa.fhrs.ratings/2026/09/20260914T052640Z-f4eb6be910b2.xml.gz,,
fsa.fhrs.ratings,https://ratings.food.gov.uk/api/open-data-files/FHRS781en-GB.xml,2026-09-14T05:26:44Z,200,text/xml,787542,fd5285edf2589cdbf8d57ad3b73557e4d3b5a2553909e3bbff3b55134dd14060,"""7h19tluvo7gvnj""",,first_capture,raw/fsa.fhrs.ratings/2026/09/20260914T052644Z-fd5285edf258.xml.gz,,
fsa.fhrs.ratings,https://ratings.food.gov.uk/api/open-data-files/FHRS782en-GB.xml,2026-09-14T05:26:47Z,200,text/xml,1035924,74ee7b6de119c436aff04f5ffd873096a7070d09ff955a0ebafd5e9f5cea6559,"""q9on0t8cuzm7bo""",,first_capture,raw/fsa.fhrs.ratings/2026/09/20260914T052647Z-74ee7b6de119.xml.gz,,
fsa.fhrs.ratings,https://ratings.food.gov.uk/api/open-data-files/FHRS783en-GB.xml,2026-09-14T05:26:50Z,200,text/xml,598183,f73c9b9316e4d27eaf8f1eb9a2819d9d9ddcaf5a33d545ab896a35ae57da5cea,"""3ii53rpgs6ctk6""",,first_capture,raw/fsa.fhrs.ratings/2026/09/20260914T052650Z-f73c9b9316e4.xml.gz,,
fsa.fhrs.ratings,https://ratings.food.gov.uk/api/open-data-files/FHRS784en-GB.xml,2026-09-14T05:26:53Z,200,text/xml,947797,b486a73468a30edf0ea08b2e7a2e6e1165c9972ea027a4f033302165000511c1,"""8n9fqryu0ekbbp""",,first_capture,raw/fsa.fhrs.ratings/2026/09/20260914T052653Z-b486a73468a3.xml.gz,,
fsa.fhrs.ratings,https://ratings.food.gov.uk/api/open-data-files/FHRS785en-GB.xml,2026-09-14T05:26:55Z,200,text/xml,406028,7d1b79851c7cf069ff260cdee23bcde57cb321c31edd0043465125a2918adbd6,"""893kex7v2z8pak""",,first_capture,raw/fsa.fhrs.ratings/2026/09/20260914T052655Z-7d1b79851c7c.xml.gz,,
fsa.fhrs.ratings,https://ratings.food.gov.uk/api/open-data-files/FHRS786en-GB.xml,2026-09-14T05:26:58Z,200,text/xml,1725856,3225b6f5860433f19bcbf373d86ae4720e82a35ca62f2de17ac6235601345c24,"""aqcfkjyfn610znu""",,first_capture,raw/fsa.fhrs.ratings/2026/09/20260914T052658Z-3225b6f58604.xml.gz,,
fsa.fhrs.ratings,https://ratings.food.gov.uk/api/open-data-files/FHRS787en-GB.xml,2026-09-14T05:27:01Z,200,text/xml,603676,ff3663d0c6db6df5ba611722082c4b320eb477727046c852de89bf2bc67d8962,"""1guk53johicxss""",,first_capture,raw/fsa.fhrs.ratings/2026/09/20260914T052701Z-ff3663d0c6db.xml.gz,,
fsa.fhrs.ratings,https://ratings.food.gov.uk/api/open-data-files/FHRS788en-GB.xml,2026-09-14T05:27:03Z,200,text/xml,1464019,e243c5637b81b63555ffd80b78f4ae73f0c25a508b352c12e714a02213bf02bd,"""21dpp52zd3vdks""",,first_capture,raw/fsa.fhrs.ratings/2026/09/20260914T052703Z-e243c5637b81.xml.gz,,
fsa.fhrs.ratings,https://ratings.food.gov.uk/api/open-data-files/FHRS789en-GB.xml,2026-09-14T05:27:06Z,200,text/xml,259169,cb92e4f773dbd70a9c1c5d0453e5be3dfdb15ca36e5a44d0c4190d8062f2a7c0,"""xb60knnte35jz5""",,first_capture,raw/fsa.fhrs.ratings/2026/09/20260914T052706Z-cb92e4f773db.xml.gz,,
fsa.fhrs.ratings,https://ratings.food.gov.uk/api/open-data-files/FHRS790en-GB.xml,2026-09-14T05:27:08Z,200,text/xml,1111297,b1bb3227b1e44a1f0e4f92351282da2431ceb5a53d67ad42004f730f4372c79d,"""mg67elr4qmnthd""",,first_capture,raw/fsa.fhrs.ratings/2026/09/20260914T052708Z-b1bb3227b1e4.xml.gz,,
fsa.fhrs.ratings,https://ratings.food.gov.uk/api/open-data-files/FHRS791en-GB.xml,2026-09-14T05:27:11Z,200,text/xml,523504,e17d43c32a92259cd01508738af086d879f33b5547c18a91150866cc94dfdc28,"""ufu2k143z6b7xp""",,first_capture,raw/fsa.fhrs.ratings/2026/09/20260914T052711Z-e17d43c32a92.xml.gz,,
fsa.fhrs.ratings,https://ratings.food.gov.uk/api/open-data-files/FHRS801en-GB.xml,2026-09-14T05:27:13Z,200,text/xml,1153562,bd7e56e67307f0dc6f8fa49f24525eb1e59871191fb5e7f2dd2510b0cc4d4281,"""opv5pgtg0moq2o""",,first_capture,raw/fsa.fhrs.ratings/2026/09/20260914T052713Z-bd7e56e67307.xml.gz,,
fsa.fhrs.ratings,https://ratings.food.gov.uk/api/open-data-files/FHRS802en-GB.xml,2026-09-14T05:27:16Z,200,text/xml,1324915,0353039c432a9b00d700bc839ce2070fbce5ae3e5de2571c6b1c54a4a14de359,"""137hb258lblseaf""",,first_capture,raw/fsa.fhrs.ratings/2026/09/20260914T052716Z-0353039c432a.xml.gz,,
fsa.fhrs.ratings,https://ratings.food.gov.uk/api/open-data-files/FHRS803en-GB.xml,2026-09-14T05:27:19Z,200,text/xml,1966198,0973dd6fc0670f9f561801c2d9c5edf39b2dc60f215b853755da6254e977d17c,"""j6pkieff2y1652f""",,first_capture,raw/fsa.fhrs.ratings/2026/09/20260914T052719Z-0973dd6fc067.xml.gz,,
fsa.fhrs.ratings,https://ratings.food.gov.uk/api/open-data-files/FHRS804en-GB.xml,2026-09-14T05:27:22Z,200,text/xml,1209713,337e0d3afcba64ecb843924234800cc257d48548324ba0abab7bda72de4977bf,"""vvq1knplmqpxdx""",,first_capture,raw/fsa.fhrs.ratings/2026/09/20260914T052722Z-337e0d3afcba.xml.gz,,
fsa.fhrs.ratings,https://ratings.food.gov.uk/api/open-data-files/FHRS805en-GB.xml,2026-09-14T05:27:24Z,200,text/xml,1524960,dcc1a5c65a59c7a15b366b4e567ee390c2764d2489fe11a23ff0eed024c2621f,"""cpqwgqkhj2won0""",,first_capture,raw/fsa.fhrs.ratings/2026/09/20260914T052724Z-dcc1a5c65a59.xml.gz,,
fsa.fhrs.ratings,https://ratings.food.gov.uk/api/open-data-files/FHRS807en-GB.xml,2026-09-14T05:27:27Z,200,text/xml,3366091,ab72793e16c7b00ef6ee8e9ec4dc5cc590d6c100695173063f0ecb0209ae8fe8,"""fggrkln4mb20598""",,first_capture,raw/fsa.fhrs.ratings/2026/09/20260914T052727Z-ab72793e16c7.xml.gz,,
fsa.fhrs.ratings,https://ratings.food.gov.uk/api/open-data-files/FHRS809en-GB.xml,2026-09-14T05:27:30Z,200,text/xml,945130,fff8a2a5ec3bd8ae22a078cba7e7edf48c46ce9c52fed663f3fbf90d51ed3f71,"""g6b5npb1mjk98b""",,first_capture,raw/fsa.fhrs.ratings/2026/09/20260914T052730Z-fff8a2a5ec3b.xml.gz,,
fsa.fhrs.ratings,https://ratings.food.gov.uk/api/open-data-files/FHRS811en-GB.xml,2026-09-14T05:27:32Z,200,text/xml,1429556,0df133ef64ccb9f76c207b870bbfe01be8c41059f722f03f1b5f28b1b05bc8a4,"""2skax38jcoun14""",,first_capture,raw/fsa.fhrs.ratings/2026/09/20260914T052732Z-0df133ef64cc.xml.gz,,
fsa.fhrs.ratings,https://ratings.food.gov.uk/api/open-data-files/FHRS813en-GB.xml,2026-09-14T05:27:35Z,200,text/xml,1379335,3ffcfeac9ccd93d1dba5bf0b17300734109d7c1247a3c4d664df8a61c1181a18,"""ct46way8q7tk9t""",,first_capture,raw/fsa.fhrs.ratings/2026/09/20260914T052735Z-3ffcfeac9ccd.xml.gz,,
fsa.fhrs.ratings,https://ratings.food.gov.uk/api/open-data-files/FHRS814en-GB.xml,2026-09-14T05:27:37Z,200,text/xml,1742914,1bb1d8e81d241c3837cd703d8f7807a217130898a534c3bfeab7f4489c472cd0,"""x506ig48d611csf""",,first_capture,raw/fsa.fhrs.ratings/2026/09/20260914T052737Z-1bb1d8e81d24.xml.gz,,
fsa.fhrs.ratings,https://ratings.food.gov.uk/api/open-data-files/FHRS816en-GB.xml,2026-09-14T05:27:40Z,200,text/xml,1462645,78224fa16f9965eb5f89cc4eca5312fdbbdb461bf99cfabe8a24278d111a727e,"""w1gcfmq8hbvcjg""",,first_capture,raw/fsa.fhrs.ratings/2026/09/20260914T052740Z-78224fa16f99.xml.gz,,
fsa.fhrs.ratings,https://ratings.food.gov.uk/api/open-data-files/FHRS855en-GB.xml,2026-09-14T05:27:43Z,200,text/xml,4437934,ae50383a61f6d6f3456bd53d1f144fe84cb60c71b6ff8736c2fb00a7c7dad28c,"""cjshhi3fcu2n49l""",,first_capture,raw/fsa.fhrs.ratings/2026/09/20260914T052743Z-ae50383a61f6.xml.gz,,
fsa.fhrs.ratings,https://ratings.food.gov.uk/api/open-data-files/FHRS856en-GB.xml,2026-09-14T05:27:46Z,200,text/xml,2103374,3a6270e094c0f053d35338dd4f8ced870c510e753198cad20471a0a7ab1af033,"""11uey2oqapr192yz""",,first_capture,raw/fsa.fhrs.ratings/2026/09/20260914T052746Z-3a6270e094c0.xml.gz,,
fsa.fhrs.ratings,https://ratings.food.gov.uk/api/open-data-files/FHRS857en-GB.xml,2026-09-14T05:27:49Z,200,text/xml,2003899,e9c72e51a10bcd25cdee61daed8fad29253e88d979549c321593870874ef4568,"""k3hz9bcley16y7i""",,first_capture,raw/fsa.fhrs.ratings/2026/09/20260914T052749Z-e9c72e51a10b.xml.gz,,
fsa.fhrs.ratings,https://ratings.food.gov.uk/api/open-data-files/FHRS858en-GB.xml,2026-09-14T05:27:52Z,200,text/xml,1734274,4b44e1f7d7d5382c69368233af961cfff7ef343863c88757c58f00b543168a1c,"""by7rwkpmoj11664""",,first_capture,raw/fsa.fhrs.ratings/2026/09/20260914T052752Z-4b44e1f7d7d5.xml.gz,,
fsa.fhrs.ratings,https://ratings.food.gov.uk/api/open-data-files/FHRS859en-GB.xml,2026-09-14T05:27:55Z,200,text/xml,746718,04a77dc3d6ce0054156fa8b879343593fffb2dc508e41266490a97f7dbac7c8e,"""2w66qwd5thg066""",,first_capture,raw/fsa.fhrs.ratings/2026/09/20260914T052755Z-04a77dc3d6ce.xml.gz,,
fsa.fhrs.ratings,https://ratings.food.gov.uk/api/open-data-files/FHRS860en-GB.xml,2026-09-14T05:27:57Z,200,text/xml,1195442,30a7bd6b5dc6efb4c977b6dd986dde9a45c3554a58c249e2b676b31cc14df4a5,"""17voxycdlpppmdz""",,first_capture,raw/fsa.fhrs.ratings/2026/09/20260914T052757Z-30a7bd6b5dc6.xml.gz,,
fsa.fhrs.ratings,https://ratings.food.gov.uk/api/open-data-files/FHRS861en-GB.xml,2026-09-14T05:28:00Z,200,text/xml,1120046,4948b3f29f915ab4e7c31495c97f7e3c76e7d7287951a0396925358c852017e5,"""ljtp86ccjno06r""",,first_capture,raw/fsa.fhrs.ratings/2026/09/20260914T052800Z-4948b3f29f91.xml.gz,,
fsa.fhrs.ratings,https://ratings.food.gov.uk/api/open-data-files/FHRS862en-GB.xml,2026-09-14T05:28:02Z,200,text/xml,1539921,a347a161dd186c7e93e46faba35e53d2781afc60aef0dfd131f854f6da16f502,"""3ms00ak47kx07l""",,first_capture,raw/fsa.fhrs.ratings/2026/09/20260914T052802Z-a347a161dd18.xml.gz,,
fsa.fhrs.ratings,https://ratings.food.gov.uk/api/open-data-files/FHRS863en-GB.xml,2026-09-14T05:28:05Z,200,text/xml,3115134,be0a498a654cf11a8ca8f4313056fca6daf03f29ff3acd05869aacf09b132895,"""a5u9d5rbr71urlr""",,first_capture,raw/fsa.fhrs.ratings/2026/09/20260914T052805Z-be0a498a654c.xml.gz,,
fsa.fhrs.ratings,https://ratings.food.gov.uk/api/open-data-files/FHRS864en-GB.xml,2026-09-14T05:28:08Z,200,text/xml,1573891,db4e36f253ec33930f2d9b1995b5729d19224fb8e551da16c5905ee2dad06091,"""17o7trsres7xqed""",,first_capture,raw/fsa.fhrs.ratings/2026/09/20260914T052808Z-db4e36f253ec.xml.gz,,
fsa.fhrs.ratings,https://ratings.food.gov.uk/api/open-data-files/FHRS865en-GB.xml,2026-09-14T05:28:11Z,200,text/xml,1649942,a0f5907ad3df60de30a43472599e5f0f7f37dc5a443ba375544054211c2db539,"""l0i79qo9lkzd1z""",,first_capture,raw/fsa.fhrs.ratings/2026/09/20260914T052811Z-a0f5907ad3df.xml.gz,,
fsa.fhrs.ratings,https://ratings.food.gov.uk/api/open-data-files/FHRS866en-GB.xml,2026-09-14T05:28:15Z,200,text/xml,2273421,7a2ff43b2c5c56517667e9b5651add3656eea850a40e7ea99980c4ba74bd7d08,"""q4h3oi6gjy1cq5s""",,first_capture,raw/fsa.fhrs.ratings/2026/09/20260914T052815Z-7a2ff43b2c5c.xml.gz,,
fsa.fhrs.ratings,https://ratings.food.gov.uk/api/open-data-files/FHRS867en-GB.xml,2026-09-14T05:28:16Z,200,text/xml,1781135,cb04b1297da215e5e21d797cbca91156a37d0fa0d464718d22a0d79287dee3c8,"""xztvh18rgp126by""",,first_capture,raw/fsa.fhrs.ratings/2026/09/20260914T052816Z-cb04b1297da2.xml.gz,,
fsa.fhrs.ratings,https://ratings.food.gov.uk/api/open-data-files/FHRS868en-GB.xml,2026-09-14T05:28:19Z,200,text/xml,2114600,702fa94c29471469930454eb1a7f6e93e8a20dd2d988b1d11eb7882ee6d7534d,"""vn4lgwc6yq19bld""",,first_capture,raw/fsa.fhrs.ratings/2026/09/20260914T052819Z-702fa94c2947.xml.gz,,
fsa.fhrs.ratings,https://ratings.food.gov.uk/api/open-data-files/FHRS869en-GB.xml,2026-09-14T05:28:22Z,200,text/xml,1613384,4dd331b2e296b391638176cce8f63f0ba1373f0ca1876652c74f8e97eab42bc5,"""wyewgfaqh9yktg""",,first_capture,raw/fsa.fhrs.ratings/2026/09/20260914T052822Z-4dd331b2e296.xml.gz,,
fsa.fhrs.ratings,https://ratings.food.gov.uk/api/open-data-files/FHRS870en-GB.xml,2026-09-14T05:28:25Z,200,text/xml,2459509,3eb44033d858dd1da4536c06173bf38f33a8359b384c9af510bbe7387d2df27b,"""17fkx44o3251gprg""",,first_capture,raw/fsa.fhrs.ratings/2026/09/20260914T052825Z-3eb44033d858.xml.gz,,
fsa.fhrs.ratings,https://ratings.food.gov.uk/api/open-data-files/FHRS871en-GB.xml,2026-09-14T05:28:28Z,200,text/xml,2209906,4d8cc218d3111bcadcbde3fb69257c081558637d411d5e27c70d4ac97e69ed2c,"""pye3exx3i81bd4r""",,first_capture,raw/fsa.fhrs.ratings/2026/09/20260914T052828Z-4d8cc218d311.xml.gz,,
fsa.fhrs.ratings,https://ratings.food.gov.uk/api/open-data-files/FHRS872en-GB.xml,2026-09-14T05:28:30Z,200,text/xml,3489687,2ef6d5e8a09c906977803fa0681f410c8adc4b0edeed4691589f25d63be27739,"""8dd7hdkjgn22smc""",,first_capture,raw/fsa.fhrs.ratings/2026/09/20260914T052830Z-2ef6d5e8a09c.xml.gz,,
fsa.fhrs.ratings,https://ratings.food.gov.uk/api/open-data-files/FHRS874en-GB.xml,2026-09-14T05:28:33Z,200,text/xml,908790,7345b5570ac0ac0267f390e540e8b786b5b897fa247717fdd4a5b68de50be5df,"""l6ewb8ol1ijh86""",,first_capture,raw/fsa.fhrs.ratings/2026/09/20260914T052833Z-7345b5570ac0.xml.gz,,
fsa.fhrs.ratings,https://ratings.food.gov.uk/api/open-data-files/FHRS875en-GB.xml,2026-09-14T05:28:36Z,200,text/xml,3018165,78bae289ee95bd541ec7da32ec9eca675169651fbe9aa5dcd12123c6edd5b150,"""ovrz7uvx0l1sots""",,first_capture,raw/fsa.fhrs.ratings/2026/09/20260914T052836Z-78bae289ee95.xml.gz,,
fsa.fhrs.ratings,https://ratings.food.gov.uk/api/open-data-files/FHRS876en-GB.xml,2026-09-14T05:28:39Z,200,text/xml,1789600,ceba9508bf2be56aa3acf50884f6539d934f075542882d9726cc4359bd82bc55,"""z6wo7a69ew12cu5""",,first_capture,raw/fsa.fhrs.ratings/2026/09/20260914T052839Z-ceba9508bf2b.xml.gz,,
fsa.fhrs.ratings,https://ratings.food.gov.uk/api/open-data-files/FHRS877en-GB.xml,2026-09-14T05:28:41Z,200,text/xml,1698311,df304b0f23547b70e321cbf71ad962a55bba7e19259b9dcfae811e3db9cefb8b,"""fd2qs4xkfv10efa""",,first_capture,raw/fsa.fhrs.ratings/2026/09/20260914T052841Z-df304b0f2354.xml.gz,,
fsa.fhrs.ratings,https://ratings.food.gov.uk/api/open-data-files/FHRS878en-GB.xml,2026-09-14T05:28:44Z,200,text/xml,3339102,5568ef3e7468001cf7113a30284c68987c8c0f4deb013f01c1e1366cc014b589,"""7oso1yn79q1zkgf""",,first_capture,raw/fsa.fhrs.ratings/2026/09/20260914T052844Z-5568ef3e7468.xml.gz,,
fsa.fhrs.ratings,https://ratings.food.gov.uk/api/open-data-files/FHRS879en-GB.xml,2026-09-14T05:28:47Z,200,text/xml,457591,8dec0295998b34bde17ea420c45068c42b9c40b50b7d54e4c7e6b4af4ca8e7e6,"""oxjv14dmhd9t21""",,first_capture,raw/fsa.fhrs.ratings/2026/09/20260914T052847Z-8dec0295998b.xml.gz,,
fsa.fhrs.ratings,https://ratings.food.gov.uk/api/open-data-files/FHRS880en-GB.xml,2026-09-14T05:28:50Z,200,text/xml,2231976,354dcb1f952ba4d9444262c2a6bb8a2ee0bd8be2d802fc09e475eee0fa0ebaf9,"""y7rcl76icq1bu5c""",,first_capture,raw/fsa.fhrs.ratings/2026/09/20260914T052850Z-354dcb1f952b.xml.gz,,
fsa.fhrs.ratings,https://ratings.food.gov.uk/api/open-data-files/FHRS881en-GB.xml,2026-09-14T05:28:53Z,200,text/xml,1645324,be4d24de2643c4c275a2d584a8cf1ea1bd82a81bdbd24f98960d12321d5f81e6,"""146u2dh9kiz9ja""",,first_capture,raw/fsa.fhrs.ratings/2026/09/20260914T052853Z-be4d24de2643.xml.gz,,
fsa.fhrs.ratings,https://ratings.food.gov.uk/api/open-data-files/FHRS882en-GB.xml,2026-09-14T05:28:56Z,200,text/xml,801913,33b94b3eb9ed396cd39a732832c84a84e3286a99f24220e30606ed205e52864f,"""acmtn4v3pnh6q6""",,first_capture,raw/fsa.fhrs.ratings/2026/09/20260914T052856Z-33b94b3eb9ed.xml.gz,,
fsa.fhrs.ratings,https://ratings.food.gov.uk/api/open-data-files/FHRS883en-GB.xml,2026-09-14T05:28:58Z,200,text/xml,1268861,9a6b751d74f9f9cebca9b938cf85201fd5ab06c143b54f6a7776120144f8e97a,"""unv447uvewr70u""",,first_capture,raw/fsa.fhrs.ratings/2026/09/20260914T052858Z-9a6b751d74f9.xml.gz,,
fsa.fhrs.ratings,https://ratings.food.gov.uk/api/open-data-files/FHRS884en-GB.xml,2026-09-14T05:29:01Z,200,text/xml,1440765,ecd2b8080fce2a56426bc71ab860d7a2cf703eeb54059f98e8e8acd5baabdddd,"""bhrx01v5ytuvo3""",,first_capture,raw/fsa.fhrs.ratings/2026/09/20260914T052901Z-ecd2b8080fce.xml.gz,,
fsa.fhrs.ratings,https://ratings.food.gov.uk/api/open-data-files/FHRS885en-GB.xml,2026-09-14T05:29:03Z,200,text/xml,949155,939e2669f43ff0230cfe5779289325d3da465ed0b5bba6c798e88892e77ce337,"""tk07rn0eq7kcde""",,first_capture,raw/fsa.fhrs.ratings/2026/09/20260914T052903Z-939e2669f43f.xml.gz,,
fsa.fhrs.ratings,https://ratings.food.gov.uk/api/open-data-files/FHRS886en-GB.xml,2026-09-14T05:29:06Z,200,text/xml,1598103,3a9f6061b02ceba68ae213120e5d5c7cf61845792a4fef95ae8ea7b7be07a1c2,"""14h4q7t0ssly93o""",,first_capture,raw/fsa.fhrs.ratings/2026/09/20260914T052906Z-3a9f6061b02c.xml.gz,,
fsa.fhrs.ratings,https://ratings.food.gov.uk/api/open-data-files/FHRS887en-GB.xml,2026-09-14T05:29:09Z,200,text/xml,1078405,1cdde44bbb2c9278ef937f70454fd142b4506d67602b76b7326a2f11d79a54b9,"""8h3es60qzon43e""",,first_capture,raw/fsa.fhrs.ratings/2026/09/20260914T052909Z-1cdde44bbb2c.xml.gz,,
fsa.fhrs.ratings,https://ratings.food.gov.uk/api/open-data-files/FHRS888en-GB.xml,2026-09-14T05:29:12Z,200,text/xml,1981462,ef12c9e8a24eb315b48f52367c9ce79ccf3bdd301f0b9151de9722b11a0fd619,"""12zajevfdrd16grn""",,first_capture,raw/fsa.fhrs.ratings/2026/09/20260914T052912Z-ef12c9e8a24e.xml.gz,,
fsa.fhrs.ratings,https://ratings.food.gov.uk/api/open-data-files/FHRS889en-GB.xml,2026-09-14T05:29:14Z,200,text/xml,886208,030dc68e17b15f5f8c4301d02b58745b592e8b36021795686e6d25c9365586a3,"""pns26iw6uzizsw""",,first_capture,raw/fsa.fhrs.ratings/2026/09/20260914T052914Z-030dc68e17b1.xml.gz,,
fsa.fhrs.ratings,https://ratings.food.gov.uk/api/open-data-files/FHRS890en-GB.xml,2026-09-14T05:29:17Z,200,text/xml,1625934,3af61ccc4bb5471c605f9a599f331fbb908abc5c452780efd4576ea195f838f9,"""czrqk0jeyiyujm""",,first_capture,raw/fsa.fhrs.ratings/2026/09/20260914T052917Z-3af61ccc4bb5.xml.gz,,
fsa.fhrs.ratings,https://ratings.food.gov.uk/api/open-data-files/FHRS891en-GB.xml,2026-09-14T05:29:20Z,200,text/xml,1792174,325434d8ab74ebbd73e229c12d958fbe3089033a32f847a6519bba862cd38dec,"""59186s6e4a12etu""",,first_capture,raw/fsa.fhrs.ratings/2026/09/20260914T052920Z-325434d8ab74.xml.gz,,
fsa.fhrs.ratings,https://ratings.food.gov.uk/api/open-data-files/FHRS892en-GB.xml,2026-09-14T05:29:23Z,200,text/xml,1397773,936cf815e97f4f2553f36f81a1e37d88188c02b1d6ed3204ac8d276d2aeb61f4,"""ngox0vfkmstyik""",,first_capture,raw/fsa.fhrs.ratings/2026/09/20260914T052923Z-936cf815e97f.xml.gz,,
fsa.fhrs.ratings,https://ratings.food.gov.uk/api/open-data-files/FHRS893en-GB.xml,2026-09-14T05:29:25Z,200,text/xml,1530361,e9837534a8cc01c3f0e94c706b561d42f04713fcb53ae36230129cd750d9116d,"""ju0zqmi3tdwstz""",,first_capture,raw/fsa.fhrs.ratings/2026/09/20260914T052925Z-e9837534a8cc.xml.gz,,
fsa.fhrs.ratings,https://ratings.food.gov.uk/api/open-data-files/FHRS894en-GB.xml,2026-09-14T05:29:28Z,200,text/xml,1292643,467c268352f1b2c924addf27a307410205df40e5693a24e19b1a6ad401fd1652,"""17j3e6kg0h5rpek""",,first_capture,raw/fsa.fhrs.ratings/2026/09/20260914T052928Z-467c268352f1.xml.gz,,
fsa.fhrs.ratings,https://ratings.food.gov.uk/api/open-data-files/FHRS895en-GB.xml,2026-09-14T05:29:32Z,200,text/xml,1710505,e1cddb900f2beb12167916babd91a08778d8fcdc3fdc5ac2cc3ba8bf00d15f60,"""jbcgbguz5i10nqy""",,first_capture,raw/fsa.fhrs.ratings/2026/09/20260914T052932Z-e1cddb900f2b.xml.gz,,
fsa.fhrs.ratings,https://ratings.food.gov.uk/api/open-data-files/FHRS896en-GB.xml,2026-09-14T05:29:34Z,200,text/xml,2093390,374ecc31df8a79c6b7509b1482b6509d65704209d848e4637bb493397b1cc559,"""yvly5ekb2a18v9g""",,first_capture,raw/fsa.fhrs.ratings/2026/09/20260914T052934Z-374ecc31df8a.xml.gz,,
fsa.fhrs.ratings,https://ratings.food.gov.uk/api/open-data-files/FHRS897en-GB.xml,2026-09-14T05:29:37Z,200,text/xml,1328629,038698937e8e0ea5382f3a08cb3a5a68f44b2471a57ec3f12c0212e567256ba7,"""e8e9bitr3fsh61""",,first_capture,raw/fsa.fhrs.ratings/2026/09/20260914T052937Z-038698937e8e.xml.gz,,
fsa.fhrs.ratings,https://ratings.food.gov.uk/api/open-data-files/FHRS898en-GB.xml,2026-09-14T05:29:39Z,200,text/xml,1729364,132684c101a0400f49dfa4229866a9c5a85bc13762891cdf432895c4c25ea3a5,"""lgzh38j3tq112dk""",,first_capture,raw/fsa.fhrs.ratings/2026/09/20260914T052939Z-132684c101a0.xml.gz,,
fsa.fhrs.ratings,https://ratings.food.gov.uk/api/open-data-files/FHRS899en-GB.xml,2026-09-14T05:29:42Z,200,text/xml,3051953,8071e35e65c3c83b9c38943321e00f092911bf0d90e05c7f6777c9888d344537,"""bqej7ad5el1tesu""",,first_capture,raw/fsa.fhrs.ratings/2026/09/20260914T052942Z-8071e35e65c3.xml.gz,,
fsa.fhrs.ratings,https://ratings.food.gov.uk/api/open-data-files/FHRS900en-GB.xml,2026-09-14T05:29:57Z,200,text/xml,1394305,2daf731f8a30b92854a943d53c97eba322251fe48e0d929782cf0cd4fb74d091,"""16bczjaqmtetvt7""",,first_capture,raw/fsa.fhrs.ratings/2026/09/20260914T052957Z-2daf731f8a30.xml.gz,,
