source_id,url,fetched_at,http_status,content_type,content_length,content_sha256,etag,last_modified,outcome,raw_ref,reason,warnings
fsa.fhrs.ratings,https://ratings.food.gov.uk/api/open-data-files/FHRS021en-GB.xml,2026-10-06T02:12:16Z,200,text/xml,4686195,fb1e6f40272e125a7882d2a9cd4f14436bf2fd530da96da705da61b6402f79bd,"""8a2z5jk5q62sfvt""",,changed,raw/fsa.fhrs.ratings/2026/10/20261006T021216Z-fb1e6f40272e.xml.gz,,
fsa.fhrs.ratings,https://ratings.food.gov.uk/api/open-data-files/FHRS027en-GB.xml,2026-10-06T02:12:21Z,200,text/xml,1471459,09a6a8eee0bf0b1d020989145397535cd261b210685d763d5d55036a47b4e29f,"""oo2vobg1covjd1""",,changed,raw/fsa.fhrs.ratings/2026/10/20261006T021221Z-09a6a8eee0bf.xml.gz,,
fsa.fhrs.ratings,https://ratings.food.gov.uk/api/open-data-files/FHRS028en-GB.xml,2026-10-06T02:12:23Z,200,text/xml,789284,425071aa1be9d01228aa070df19406b12a8ab6859b58d5e27abcd178da327db0,"""mdt64q4dxwgx0k""",,changed,raw/fsa.fhrs.ratings/2026/10/20261006T021223Z-425071aa1be9.xml.gz,,
fsa.fhrs.ratings,https://ratings.food.gov.uk/api/open-data-files/FHRS029en-GB.xml,2026-10-06T02:12:25Z,200,text/xml,748703,1bd7b2a2cc02db93f8b7ac28dbeb263b9493e915403c95bb6c803d0bec92ebe7,"""o3ysaxkwojg1pb""",,changed,raw/fsa.fhrs.ratings/2026/10/20261006T021225Z-1bd7b2a2cc02.xml.gz,,
fsa.fhrs.ratings,https://ratings.food.gov.uk/api/open-data-files/FHRS030en-GB.xml,2026-10-06T02:12:27Z,200,text/xml,1535708,aa99257354255fbaa71cc2a69b2e371e900632c6b09cb19ba0339aeb6419c89e,"""gka80j17uewwwj""",,changed,raw/fsa.fhrs.ratings/2026/10/20261006T021227Z-aa9925735425.xml.gz,,
fsa.fhrs.ratings,https://ratings.food.gov.uk/api/open-data-files/FHRS032en-GB.xml,2026-10-06T02:12:29Z,200,text/xml,1288169,bba961bc66cff81f9f60c08ee6e6b3982e12858ecde8b785efa36a60e6942957,"""oagznffx30rlx5""",,changed,raw/fsa.fhrs.ratings/2026/10/20261006T021229Z-bba961bc66cf.xml.gz,,
fsa.fhrs.ratings,https://ratings.food.gov.uk/api/open-data-files/FHRS055en-GB.xml,2026-10-06T02:12:32Z,200,text/xml,2755976,9072a54a08e23b566cc8aee8f4b704f9189f37e03c8f7e7d9013e31c831f687e,"""2296hfisq41n2il""",,changed,raw/fsa.fhrs.ratings/2026/10/20261006T021232Z-9072a54a08e2.xml.gz,,
fsa.fhrs.ratings,https://ratings.food.gov.uk/api/open-data-files/FHRS056en-GB.xml,2026-10-06T02:12:34Z,200,text/xml,3190133,7c55b86e14c59a961df016761510c1a58c96cf39488ee7bbdfbf8dca3200d8e4,"""idsyynt7eh1wdi8""",,changed,raw/fsa.fhrs.ratings/2026/10/20261006T021234Z-7c55b86e14c5.xml.gz,,
fsa.fhrs.ratings,https://ratings.food.gov.uk/api/open-data-files/FHRS062en-GB.xml,2026-10-06T02:12:37Z,200,text/xml,1026239,070fe601a698153ed130922672ea69fd89d019e40f906ff3ec5c8ba9110abe9f,"""6q4u23h4tulzum""",,changed,raw/fsa.fhrs.ratings/2026/10/20261006T021237Z-070fe601a698.xml.gz,,
fsa.fhrs.ratings,https://ratings.food.gov.uk/api/open-data-files/FHRS063en-GB.xml,2026-10-06T02:12:39Z,200,text/xml,728222,d6a5f8772592ec4a5e0612f8d55c6fee9d628db8d603165d8b62550d18113a2e,"""1vavb59ot5flwc""",,changed,raw/fsa.fhrs.ratings/2026/10/20261006T021239Z-d6a5f8772592.xml.gz,,
fsa.fhrs.ratings,https://ratings.food.gov.uk/api/open-data-files/FHRS064en-GB.xml,2026-10-06T02:12:41Z,200,text/xml,950113,f20972dc7def378922c0290e6098e8724e5f288ca7668363fe422ef7c1d239be,"""z6gbb1o8uokd40""",,changed,raw/fsa.fhrs.ratings/2026/10/20261006T021241Z-f20972dc7def.xml.gz,,
fsa.fhrs.ratings,https://ratings.food.gov.uk/api/open-data-files/FHRS066en-GB.xml,2026-10-06T02:12:43Z,200,text/xml,907047,39709cc371c968f13164133396e7c9fbc966223e69ba10a96d35bab9c161f376,"""ntl4z74kytjfvr""",,changed,raw/fsa.fhrs.ratings/2026/10/20261006T021243Z-39709cc371c9.xml.gz,,
fsa.fhrs.ratings,https://ratings.food.gov.uk/api/open-data-files/FHRS067en-GB.xml,2026-10-06T02:12:46Z,200,text/xml,889736,607736d96e14b589cf69e94bb55de00b9305805a9debbdd9f8b05ce533c3e82a,"""8nws28h3uij2ia""",,changed,raw/fsa.fhrs.ratings/2026/10/20261006T021246Z-607736d96e14.xml.gz,,
fsa.fhrs.ratings,https://ratings.food.gov.uk/api/open-data-files/FHRS068en-GB.xml,2026-10-06T02:12:48Z,200,text/xml,823215,3d5a3b5d032ed67a0bcd865b0c0f3a4e9f690784032dc97c56b4216348240fb2,"""7f0d6yexeohn72""",,changed,raw/fsa.fhrs.ratings/2026/10/20261006T021248Z-3d5a3b5d032e.xml.gz,,
fsa.fhrs.ratings,https://ratings.food.gov.uk/api/open-data-files/FHRS069en-GB.xml,2026-10-06T02:12:50Z,200,text/xml,867867,745a963e9d8c20dd9505bd65585ae713638a57f0b324cf78c7b21846b10df934,"""goxixpc9uxiln8""",,changed,raw/fsa.fhrs.ratings/2026/10/20261006T021250Z-745a963e9d8c.xml.gz,,
fsa.fhrs.ratings,https://ratings.food.gov.uk/api/open-data-files/FHRS070en-GB.xml,2026-10-06T02:12:53Z,200,text/xml,936751,1ae915017a0294bdc64f60ce8b501b6e58e7836a8eeab13885af26a9715a850d,"""7q0eg3a9gik2sv""",,changed,raw/fsa.fhrs.ratings/2026/10/20261006T021253Z-1ae915017a02.xml.gz,,
fsa.fhrs.ratings,https://ratings.food.gov.uk/api/open-data-files/FHRS072en-GB.xml,2026-10-06T02:12:55Z,200,text/xml,1506597,af7e7e06aa8b204690f68b9023bf141f009cdc66c2544382efda43b25e1a6fad,"""9xvy3bxpnuwahw""",,changed,raw/fsa.fhrs.ratings/2026/10/20261006T021255Z-af7e7e06aa8b.xml.gz,,
fsa.fhrs.ratings,https://ratings.food.gov.uk/api/open-data-files/FHRS073en-GB.xml,2026-10-06T02:12:57Z,200,text/xml,1132446,c0d638b7a5e6371216bde2455dda6baef947a6ab284b51e457f1ed65b9f00822,"""3ik4qaif67o9sq""",,changed,raw/fsa.fhrs.ratings/2026/10/20261006T021257Z-c0d638b7a5e6.xml.gz,,
fsa.fhrs.ratings,https://ratings.food.gov.uk/api/open-data-files/FHRS074en-GB.xml,2026-10-06T02:13:00Z,200,text/xml,723642,44f5f1c431fb47eb06c5570ac89d002829565b97736a3eaaf8bca5864926349d,"""183o5gzayezfid6""",,changed,raw/fsa.fhrs.ratings/2026/10/20261006T021300Z-44f5f1c431fb.xml.gz,,
fsa.fhrs.ratings,https://ratings.food.gov.uk/api/open-data-files/FHRS075en-GB.xml,2026-10-06T02:13:02Z,200,text/xml,1478668,a19848bff06461b75c4e89c409a7308b20bd7c4e75ff0078db12491e810bcf77,"""bqs7qnb4mwvoxz""",,changed,raw/fsa.fhrs.ratings/2026/10/20261006T021302Z-a19848bff064.xml.gz,,
fsa.fhrs.ratings,https://ratings.food.gov.uk/api/open-data-files/FHRS077en-GB.xml,2026-10-06T02:13:04Z,200,text/xml,1034778,c03345165e61291a18974ebdd24d8379586ada90439f54b4243f8de779151deb,"""xdgeoihhzym6fj""",,changed,raw/fsa.fhrs.ratings/2026/10/20261006T021304Z-c03345165e61.xml.gz,,
fsa.fhrs.ratings,https://ratings.food.gov.uk/api/open-data-files/FHRS078en-GB.xml,2026-10-06T02:13:07Z,200,text/xml,1239151,1c914193e3d1fb3429247a229b7ceee2b6fb2a7baf28addd75e2273e39d5454f,"""mj40hnl75qk4v""",,changed,raw/fsa.fhrs.ratings/2026/10/20261006T021307Z-1c914193e3d1.xml.gz,,
fsa.fhrs.ratings,https://ratings.food.gov.uk/api/open-data-files/FHRS080en-GB.xml,2026-10-06T02:13:11Z,200,text/xml,758701,087144a7915ca426e5f0ab6b9dcf139643b7d1f0be5b958089a729d242a5b6e2,"""16cz7soqm5ag9f1""",,changed,raw/fsa.fhrs.ratings/2026/10/20261006T021311Z-087144a7915c.xml.gz,,
fsa.fhrs.ratings,https://ratings.food.gov.uk/api/open-data-files/FHRS081en-GB.xml,2026-10-06T02:13:13Z,200,text/xml,590663,970d96a4d3b8c89c5ed0e2964471de2ebf0d1a2b3ceb8ccc4efb9ca2da39e3a0,"""nyagdi88evcnr5""",,changed,raw/fsa.fhrs.ratings/2026/10/20261006T021313Z-970d96a4d3b8.xml.gz,,
fsa.fhrs.ratings,https://ratings.food.gov.uk/api/open-data-files/FHRS085en-GB.xml,2026-10-06T02:13:15Z,200,text/xml,4988906,43c59108be51ea5946bd98afcb57f8f2424e5112e091308912cb01adb3fb0d0d,"""gb4fs5g44a2yxbj""",,changed,raw/fsa.fhrs.ratings/2026/10/20261006T021315Z-43c59108be51.xml.gz,,
fsa.fhrs.ratings,https://ratings.food.gov.uk/api/open-data-files/FHRS102en-GB.xml,2026-10-06T02:13:17Z,200,text/xml,1046227,bc62fab047c00652bb94d18ae4d946f1454607a96d4cf5ab403a68f8fa077842,"""f6vk8rj0srmf9d""",,changed,raw/fsa.fhrs.ratings/2026/10/20261006T021317Z-bc62fab047c0.xml.gz,,
fsa.fhrs.ratings,https://ratings.food.gov.uk/api/open-data-files/FHRS103en-GB.xml,2026-10-06T02:13:21Z,200,text/xml,927059,a36217c7c402faf8f29ae77c2c173b659732e204c5fb50bf0f3f92276341799b,"""ubw8z5g9sdjvbj""",,changed,raw/fsa.fhrs.ratings/2026/10/20261006T021321Z-a36217c7c402.xml.gz,,
fsa.fhrs.ratings,https://ratings.food.gov.uk/api/open-data-files/FHRS105en-GB.xml,2026-10-06T02:13:22Z,200,text/xml,929406,5c8a70fd9698c85d3d69ecdc7488f9cc2319c9c83c06da604f1ef5d1a4c953f1,"""uz3v051w40jx4b""",,changed,raw/fsa.fhrs.ratings/2026/10/20261006T021322Z-5c8a70fd9698.xml.gz,,
fsa.fhrs.ratings,https://ratings.food.gov.uk/api/open-data-files/FHRS106en-GB.xml,2026-10-06T02:13:24Z,200,text/xml,1016362,a2683237302bf1c5cbd4d4bee5f9f7dde70be8c011bc1b4e63fb96145b3e1622,"""12hmj101wdwls7r""",,changed,raw/fsa.fhrs.ratings/2026/10/20261006T021324Z-a2683237302b.xml.gz,,
fsa.fhrs.ratings,https://ratings.food.gov.uk/api/open-data-files/FHRS107en-GB.xml,2026-10-06T02:13:27Z,200,text/xml,1350646,44c75c9484a098aa4a685814f18c6f8096cca1d6166e3274a8106029a25b8a66,"""3d9qgm9glisy53""",,changed,raw/fsa.fhrs.ratings/2026/10/20261006T021327Z-44c75c9484a0.xml.gz,,
fsa.fhrs.ratings,https://ratings.food.gov.uk/api/open-data-files/FHRS109en-GB.xml,2026-10-06T02:13:29Z,200,text/xml,1349153,59a7d6b94aba3b7daf7a33bdb25a4145ece1837596a42e2c924259f5cd99efbb,"""dugsowk0q5swuv""",,changed,raw/fsa.fhrs.ratings/2026/10/20261006T021329Z-59a7d6b94aba.xml.gz,,
fsa.fhrs.ratings,https://ratings.food.gov.uk/api/open-data-files/FHRS110en-GB.xml,2026-10-06T02:13:31Z,200,text/xml,1250873,5d0c6bbbcae1bc11e6dfb62cae9a6fb2f2303d9a6089df7e7802943a581bd31d,"""2lrbu84826qt6h""",,changed,raw/fsa.fhrs.ratings/2026/10/20261006T021331Z-5d0c6bbbcae1.xml.gz,,
fsa.fhrs.ratings,https://ratings.food.gov.uk/api/open-data-files/FHRS111en-GB.xml,2026-10-06T02:13:34Z,200,text/xml,748076,065c3a9f2444ba1bb1c8ebe58d00b9396e31270a0c35fa25ae7dcd70838fc4d9,"""vhn1uqtskwg17u""",,changed,raw/fsa.fhrs.ratings/2026/10/20261006T021334Z-065c3a9f2444.xml.gz,,
fsa.fhrs.ratings,https://ratings.food.gov.uk/api/open-data-files/FHRS112en-GB.xml,2026-10-06T02:13:36Z,200,text/xml,548386,eca37f38986f5f5970c36e2376127be8ac4258258a7fb4a4feb41150f242a7b8,"""7uuzjeykabbr4y""",,changed,raw/fsa.fhrs.ratings/2026/10/20261006T021336Z-eca37f38986f.xml.gz,,
fsa.fhrs.ratings,https://ratings.food.gov.uk/api/open-data-files/FHRS113en-GB.xml,2026-10-06T02:13:38Z,200,text/xml,1605323,2463915bd7af7b9503f063040415247aad2b9ed54e2b3c0fef9fccf84ca0d960,"""ahqomnngjryeob""",,changed,raw/fsa.fhrs.ratings/2026/10/20261006T021338Z-2463915bd7af.xml.gz,,
fsa.fhrs.ratings,https://ratings.food.gov.uk/api/open-data-files/FHRS114en-GB.xml,2026-10-06T02:13:41Z,200,text/xml,1616543,90d31e02d89cf0ad7b212ef6773be33eb1ffde33008e58caa5c9ed98e7fad833,"""xmef81go8ynbz""",,changed,raw/fsa.fhrs.ratings/2026/10/20261006T021341Z-90d31e02d89c.xml.gz,,
fsa.fhrs.ratings,https://ratings.food.gov.uk/api/open-data-files/FHRS115en-GB.xml,2026-10-06T02:13:43Z,200,text/xml,1085292,372566d6da556a7b8fe600eeba9104923612d1c65866d3a4e62f103d313e95d0,"""vo3pb6surbn9f0""",,changed,raw/fsa.fhrs.ratings/2026/10/20261006T021343Z-372566d6da55.xml.gz,,
fsa.fhrs.ratings,https://ratings.food.gov.uk/api/open-data-files/FHRS116en-GB.xml,2026-10-06T02:13:45Z,200,text/xml,680561,2afb8ac62b110dd73ab81d4ac4b7dbffe98b0fa5ba893a73ee636cfaea474072,"""bplb724u61el4g""",,changed,raw/fsa.fhrs.ratings/2026/10/20261006T021345Z-2afb8ac62b11.xml.gz,,
fsa.fhrs.ratings,https://ratings.food.gov.uk/api/open-data-files/FHRS117en-GB.xml,2026-10-06T02:13:47Z,200,text/xml,660392,868a94441b48e1f42b35fc21390a77930bcd5de1885768ce2a18ccd2a03acf98,"""qb7xvt9uk3e5k8""",,changed,raw/fsa.fhrs.ratings/2026/10/20261006T021347Z-868a94441b48.xml.gz,,
fsa.fhrs.ratings,https://ratings.food.gov.uk/api/open-data-files/FHRS118en-GB.xml,2026-10-06T02:13:50Z,200,text/xml,643484,368d1ab0f36b8def188825d34d0f3fb23e1b3c8e7a76c5b36b6a594a863267f0,"""ff1enyri71dsik""",,changed,raw/fsa.fhrs.ratings/2026/10/20261006T021350Z-368d1ab0f36b.xml.gz,,
fsa.fhrs.ratings,https://ratings.food.gov.uk/api/open-data-files/FHRS120en-GB.xml,2026-10-06T02:13:52Z,200,text/xml,1316402,e7c26d4fff4c30fc0af296f1513f804bd3cddfb73e5f0d90deea9289d35540e4,"""iyv569wg7os7qk""",,changed,raw/fsa.fhrs.ratings/2026/10/20261006T021352Z-e7c26d4fff4c.xml.gz,,
fsa.fhrs.ratings,https://ratings.food.gov.uk/api/open-data-files/FHRS122en-GB.xml,2026-10-06T02:13:54Z,200,text/xml,828502,ba71f56d58a2398f98998085ae4b9355b5134ebaa56cccc7744583e224a13212,"""7kdtjzs6f1hr9t""",,changed,raw/fsa.fhrs.ratings/2026/10/20261006T021354Z-ba71f56d58a2.xml.gz,,
fsa.fhrs.ratings,https://ratings.food.gov.uk/api/open-data-files/FHRS124en-GB.xml,2026-10-06T02:13:56Z,200,text/xml,1109265,2b7c1f79ea979ef56c0d1abc5d4633912f666693912e9651e17132a4e28134da,"""rjzdomx7axnrww""",,changed,raw/fsa.fhrs.ratings/2026/10/20261006T021356Z-2b7c1f79ea97.xml.gz,,
fsa.fhrs.ratings,https://ratings.food.gov.uk/api/open-data-files/FHRS125en-GB.xml,2026-10-06T02:13:59Z,200,text/xml,1109342,ce53165f4b7651fb1479958aeb8a633801b8037d1e4c305a51c5d56301f89c4a,"""xat0ilig1knryz""",,changed,raw/fsa.fhrs.ratings/2026/10/20261006T021359Z-ce53165f4b76.xml.gz,,
fsa.fhrs.ratings,https://ratings.food.gov.uk/api/open-data-files/FHRS126en-GB.xml,2026-10-06T02:14:01Z,200,text/xml,793057,26a475039d9c1154ed0c5691aee2eb70a3561a417cc6ac473434e0459253694f,"""4aewixfoq1gzxd""",,changed,raw/fsa.fhrs.ratings/2026/10/20261006T021401Z-26a475039d9c.xml.gz,,
fsa.fhrs.ratings,https://ratings.food.gov.uk/api/open-data-files/FHRS127en-GB.xml,2026-10-06T02:14:03Z,200,text/xml,1055672,37399f7a16c1ac062a526ecb0ac49d5f93ca9971d2f249086c375701ec36bcbe,"""u8jhac18l8mmk7""",,changed,raw/fsa.fhrs.ratings/2026/10/20261006T021403Z-37399f7a16c1.xml.gz,,
fsa.fhrs.ratings,https://ratings.food.gov.uk/api/open-data-files/FHRS128en-GB.xml,2026-10-06T02:14:06Z,200,text/xml,1059450,48db236ecf861d38b13ae1aadfb4cad5a050e68bf3e82e5dac944c80407305a7,"""mn6dstlh7mmph3""",,changed,raw/fsa.fhrs.ratings/2026/10/20261006T021406Z-48db236ecf86.xml.gz,,
fsa.fhrs.ratings,https://ratings.food.gov.uk/api/open-data-files/FHRS129en-GB.xml,2026-10-06T02:14:08Z,200,text/xml,801089,d216226cef03de2243c1268b876e2dcd55d61c320c5bf96e1b9bdf1f5fa4be4c,"""1h3tcnhvhsh64f""",,changed,raw/fsa.fhrs.ratings/2026/10/20261006T021408Z-d216226cef03.xml.gz,,
fsa.fhrs.ratings,https://ratings.food.gov.uk/api/open-data-files/FHRS131en-GB.xml,2026-10-06T02:14:10Z,200,text/xml,1288097,7ac15bd7bc4416fc0befd1dfa0d230cfe5f78689f16c92e94935ad825a3d9d2f,"""58ohx4tsxfrlwf""",,changed,raw/fsa.fhrs.ratings/2026/10/20261006T021410Z-7ac15bd7bc44.xml.gz,,
fsa.fhrs.ratings,https://ratings.food.gov.uk/api/open-data-files/FHRS132en-GB.xml,2026-10-06T02:14:12Z,200,text/xml,1064164,8e3bf621eca0e2685dd8d15121f64bd663fa93eb93bf19b62a2119b60c6021e8,"""8vlimvor5jmt2t""",,changed,raw/fsa.fhrs.ratings/2026/10/20261006T021412Z-8e3bf621eca0.xml.gz,,
fsa.fhrs.ratings,https://ratings.food.gov.uk/api/open-data-files/FHRS133en-GB.xml,2026-10-06T02:14:15Z,200,text/xml,915013,c020480da1261e77cc493febea5d542ac02a279e11485ad80617a53e826a3be3,"""8vuyvd27vzjm0z""",,changed,raw/fsa.fhrs.ratings/2026/10/20261006T021415Z-c020480da126.xml.gz,,
fsa.fhrs.ratings,https://ratings.food.gov.uk/api/open-data-files/FHRS134en-GB.xml,2026-10-06T02:14:17Z,200,text/xml,775779,837b8e81b67db91d5298c572db82cc72083820a0f0304683c123c88b510b6acd,"""5nhwk10bj2gmlf""",,changed,raw/fsa.fhrs.ratings/2026/10/20261006T021417Z-837b8e81b67d.xml.gz,,
fsa.fhrs.ratings,https://ratings.food.gov.uk/api/open-data-files/FHRS135en-GB.xml,2026-10-06T02:14:19Z,200,text/xml,595659,9c1f1b546f1bc6db0f0f74f01dd9f5a832b6485d2badf013dfc47fdaa7b05107,"""13f81xg9s0vcrm3""",,changed,raw/fsa.fhrs.ratings/2026/10/20261006T021419Z-9c1f1b546f1b.xml.gz,,
fsa.fhrs.ratings,https://ratings.food.gov.uk/api/open-data-files/FHRS136en-GB.xml,2026-10-06T02:14:22Z,200,text/xml,636847,82911d640dd7ad887f3e8b7dab47cda2eb9e98f5d900b503578a0501e6ba9db4,"""kvm2b2u0zpdne7""",,changed,raw/fsa.fhrs.ratings/2026/10/20261006T021422Z-82911d640dd7.xml.gz,,
fsa.fhrs.ratings,https://ratings.food.gov.uk/api/open-data-files/FHRS137en-GB.xml,2026-10-06T02:14:24Z,200,text/xml,972031,29b712a8b9d0c38294555abf1153a6788fbef899f30df066224596a4234ac120,"""mf93unwxf7ku09""",,changed,raw/fsa.fhrs.ratings/2026/10/20261006T021424Z-29b712a8b9d0.xml.gz,,
fsa.fhrs.ratings,https://ratings.food.gov.uk/api/open-data-files/FHRS138en-GB.xml,2026-10-06T02:14:26Z,200,text/xml,1551605,a4b6a65c29d69b35c5f5fe9e7460ba730236114535d21b21796b0ddfb39bef40,"""88ek2v6u58x985""",,changed,raw/fsa.fhrs.ratings/2026/10/20261006T021426Z-a4b6a65c29d6.xml.gz,,
fsa.fhrs.ratings,https://ratings.food.gov.uk/api/open-data-files/FHRS140en-GB.xml,2026-10-06T02:14:28Z,200,text/xml,706968,51eb060b7cf5092f015154e938a9c47d8e23d6c744b1bcd1564114c6ae9fbc54,"""650tpupolwf5hz""",,changed,raw/fsa.fhrs.ratings/2026/10/20261006T021428Z-51eb060b7cf5.xml.gz,,
fsa.fhrs.ratings,https://ratings.food.gov.uk/api/open-data-files/FHRS142en-GB.xml,2026-10-06T02:14:31Z,200,text/xml,1061457,81d55f12855943c0c2d54eb74617ca4ffa8e0b68e6d067f3178ec97dacdfcf3c,"""4y6qj6kry3mr0w""",,changed,raw/fsa.fhrs.ratings/2026/10/20261006T021431Z-81d55f128559.xml.gz,,
fsa.fhrs.ratings,https://ratings.food.gov.uk/api/open-data-files/FHRS143en-GB.xml,2026-10-06T02:14:33Z,200,text/xml,1196806,fca0a70af5476baf1ee2b71c8f8631a6bf4ef9fec3aaa1a86028c14dce0189b7,"""oxdr5criigpngi""",,changed,raw/fsa.fhrs.ratings/2026/10/20261006T021433Z-fca0a70af547.xml.gz,,
fsa.fhrs.ratings,https://ratings.food.gov.uk/api/open-data-files/FHRS145en-GB.xml,2026-10-06T02:14:35Z,200,text/xml,746701,6454b5109ccf847bac88d4a8240ac124808d490bc24b43177f1c8306798b47e1,"""6fbfkzh9zg05p""",,changed,raw/fsa.fhrs.ratings/2026/10/20261006T021435Z-6454b5109ccf.xml.gz,,
fsa.fhrs.ratings,https://ratings.food.gov.uk/api/open-data-files/FHRS148en-GB.xml,2026-10-06T02:14:38Z,200,text/xml,712932,e289e2146b0335c02ed92c186eb0c524584d72e953791a4447649e39c4e04c8c,"""15j1ld9vkgsfa3o""",,changed,raw/fsa.fhrs.ratings/2026/10/20261006T021438Z-e289e2146b03.xml.gz,,
fsa.fhrs.ratings,https://ratings.food.gov.uk/api/open-data-files/FHRS149en-GB.xml,2026-10-06T02:14:40Z,200,text/xml,487664,3e09bf36518f7e616266bd9f0324bdcf2322edce5100fb31ac3f8f9fe7345d1e,"""e5lzroem6jaga8""",,changed,raw/fsa.fhrs.ratings/2026/10/20261006T021440Z-3e09bf36518f.xml.gz,,
fsa.fhrs.ratings,https://ratings.food.gov.uk/api/open-data-files/FHRS151en-GB.xml,2026-10-06T02:14:42Z,200,text/xml,803214,209cc81cf3af178d7fec9cb05fe2856622e9898ff32626358bbf2203886e072e,"""18b0xoulj75h7ri""",,changed,raw/fsa.fhrs.ratings/2026/10/20261006T021442Z-209cc81cf3af.xml.gz,,
fsa.fhrs.ratings,https://ratings.food.gov.uk/api/open-data-files/FHRS152en-GB.xml,2026-10-06T02:14:44Z,200,text/xml,1078303,f0fb91559677ac8e9b59a9cb728fb2e6c98761f4eed906e308b8b3108a5f44e3,"""17ahqkjmvsin40s""",,changed,raw/fsa.fhrs.ratings/2026/10/20261006T021444Z-f0fb91559677.xml.gz,,
fsa.fhrs.ratings,https://ratings.food.gov.uk/api/open-data-files/FHRS153en-GB.xml,2026-10-06T02:14:47Z,200,text/xml,742854,4921c0ee7b910a9e4d3817f8e34290caf92b47471b367433a09980e04a75e4fd,"""136epjna632fx6t""",,changed,raw/fsa.fhrs.ratings/2026/10/20261006T021447Z-4921c0ee7b91.xml.gz,,
fsa.fhrs.ratings,https://ratings.food.gov.uk/api/open-data-files/FHRS155en-GB.xml,2026-10-06T02:14:49Z,304,text/xml,858184,04d622991b0c35508913fae317464b80aa417d79dfd9fe2243f263f5ac9f6427,"""10dldx1pbc7ie6g""",,unchanged,raw/fsa.fhrs.ratings/2026/09/20260914T051603Z-04d622991b0c.xml.gz,not_modified,
fsa.fhrs.ratings,https://ratings.food.gov.uk/api/open-data-files/FHRS156en-GB.xml,2026-10-06T02:14:50Z,200,text/xml,1272247,3f2e02f808e016825f9bbc10e0f1594b7bf2abc056f4dd681bd8206eb8d3ad4a,"""rzsvoqopakr9nb""",,changed,raw/fsa.fhrs.ratings/2026/10/20261006T021450Z-3f2e02f808e0.xml.gz,,
fsa.fhrs.ratings,https://ratings.food.gov.uk/api/open-data-files/FHRS157en-GB.xml,2026-10-06T02:14:53Z,200,text/xml,1408415,3b46984d68e83f55d70bc55bd7eca69ff0cdcb84d43951a3105d70a312b48419,"""8sumgazn9cu6qm""",,changed,raw/fsa.fhrs.ratings/2026/10/20261006T021453Z-3b46984d68e8.xml.gz,,
fsa.fhrs.ratings,https://ratings.food.gov.uk/api/open-data-files/FHRS158en-GB.xml,2026-10-06T02:14:56Z,200,text/xml,846796,683b25851067619350265c55418817d2cd56976964335f4d8adad6351fa4eb2f,"""ivhxiga810i5e4""",,changed,raw/fsa.fhrs.ratings/2026/10/20261006T021456Z-683b25851067.xml.gz,,
fsa.fhrs.ratings,https://ratings.food.gov.uk/api/open-data-files/FHRS159en-GB.xml,2026-10-06T02:14:58Z,200,text/xml,1139932,df8578c319fd182ec88d68a93140c4ce254e519a23d8c6c580c6d34e428bc3c8,"""10rz2j6mu6xofio""",,changed,raw/fsa.fhrs.ratings/2026/10/20261006T021458Z-df8578c319fd.xml.gz,,
fsa.fhrs.ratings,https://ratings.food.gov.uk/api/open-data-files/FHRS160en-GB.xml,2026-10-06T02:15:01Z,200,text/xml,1250623,99fbc0ba3291f03d443376a9ecf478d43aeeb29199b6bceebb8abe3ca7668c4a,"""6car12gjimqszj""",,changed,raw/fsa.fhrs.ratings/2026/10/20261006T021501Z-99fbc0ba3291.xml.gz,,
fsa.fhrs.ratings,https://ratings.food.gov.uk/api/open-data-files/FHRS161en-GB.xml,2026-10-06T02:15:03Z,200,text/xml,669031,bf5cfb543eb29fe8fdcd20e2a4f3ba05b26df3cdaa0da93e6c160634e7e7d909,"""dlzvk6guzoec85""",,changed,raw/fsa.fhrs.ratings/2026/10/20261006T021503Z-bf5cfb543eb2.xml.gz,,
fsa.fhrs.ratings,https://ratings.food.gov.uk/api/open-data-files/FHRS162en-GB.xml,2026-10-06T02:15:05Z,200,text/xml,652406,e84c737ac5842e31b5c1454770a02e4e82fd3286c3c6323413765aba632f08f4,"""sbelnzew6ndzee""",,changed,raw/fsa.fhrs.ratings/2026/10/20261006T021505Z-e84c737ac584.xml.gz,,
fsa.fhrs.ratings,https://ratings.food.gov.uk/api/open-data-files/FHRS163en-GB.xml,2026-10-06T02:15:07Z,200,text/xml,999885,b10c2b3af1e403e61587739d327359895191f96519814d0b2e502b090a8a2209,"""cr973ajj2lfif""",,changed,raw/fsa.fhrs.ratings/2026/10/20261006T021507Z-b10c2b3af1e4.xml.gz,,
fsa.fhrs.ratings,https://ratings.food.gov.uk/api/open-data-files/FHRS164en-GB.xml,2026-10-06T02:15:10Z,200,text/xml,756794,dc9f429c1df4ba142adff62a7a7b2829bddf9e1c599a9fe878c93f48333537ad,"""ct4ypfvsgag7y0""",,changed,raw/fsa.fhrs.ratings/2026/10/20261006T021510Z-dc9f429c1df4.xml.gz,,
fsa.fhrs.ratings,https://ratings.food.gov.uk/api/open-data-files/FHRS179en-GB.xml,2026-10-06T02:15:12Z,200,text/xml,1193213,b4d45aecdf65161331f01e6419f2e0febf6b48daca9682d10699e471c40c1320,"""hzehg9lv0cpkor""",,changed,raw/fsa.fhrs.ratings/2026/10/20261006T021512Z-b4d45aecdf65.xml.gz,,
fsa.fhrs.ratings,https://ratings.food.gov.uk/api/open-data-files/FHRS180en-GB.xml,2026-10-06T02:15:14Z,200,text/xml,1494453,061fb2630e4265b509aeaae2a59d6ddc5947c203a33cd2939e019b6c7cd68de1,"""z2s4jn6t6pw14i""",,changed,raw/fsa.fhrs.ratings/2026/10/20261006T021514Z-061fb2630e42.xml.gz,,
fsa.fhrs.ratings,https://ratings.food.gov.uk/api/open-data-files/FHRS181en-GB.xml,2026-10-06T02:15:16Z,200,text/xml,1068812,8381a73957b29962cfab163b0dba133db4fad492116203a218e55452c5476ef4,"""13q8cxsrqcamwp4""",,changed,raw/fsa.fhrs.ratings/2026/10/20261006T021516Z-8381a73957b2.xml.gz,,
fsa.fhrs.ratings,https://ratings.food.gov.uk/api/open-data-files/FHRS182en-GB.xml,2026-10-06T02:15:19Z,200,text/xml,1176860,2ac49cf8289fa125e58b9f639bfa041491fca3e59c5a518fb5f4f651156c7e57,"""9v64zt7qvip81a""",,changed,raw/fsa.fhrs.ratings/2026/10/20261006T021519Z-2ac49cf8289f.xml.gz,,
fsa.fhrs.ratings,https://ratings.food.gov.uk/api/open-data-files/FHRS184en-GB.xml,2026-10-06T02:15:21Z,200,text/xml,834262,be038bcf784a3a4ce06100a891ddbe99043cc21189e2f467439ba37508d7b1b1,"""2bhe47g1sphvpy""",,changed,raw/fsa.fhrs.ratings/2026/10/20261006T021521Z-be038bcf784a.xml.gz,,
fsa.fhrs.ratings,https://ratings.food.gov.uk/api/open-data-files/FHRS185en-GB.xml,2026-10-06T02:15:23Z,200,text/xml,1437941,4479944dd8af14a58f0306ffb71c828d1aeeb5810c4cf76013466b0d6f12572a,"""thx54ovzcrutiq""",,changed,raw/fsa.fhrs.ratings/2026/10/20261006T021523Z-4479944dd8af.xml.gz,,
fsa.fhrs.ratings,https://ratings.food.gov.uk/api/open-data-files/FHRS187en-GB.xml,2026-10-06T02:15:25Z,200,text/xml,962187,2d6727c3fdcd452dd42bd253905434165613153d0bf4b19899f5b42980a41caa,"""alz4m41jgukmff""",,changed,raw/fsa.fhrs.ratings/2026/10/20261006T021525Z-2d6727c3fdcd.xml.gz,,
fsa.fhrs.ratings,https://ratings.food.gov.uk/api/open-data-files/FHRS188en-GB.xml,2026-10-06T02:15:28Z,200,text/xml,1253142,2ed0d68b544b96405fea71fdc2f32b7cf02e8928306c2fc519bf122660a3e25a,"""e333756ssuquwh""",,changed,raw/fsa.fhrs.ratings/2026/10/20261006T021528Z-2ed0d68b544b.xml.gz,,
fsa.fhrs.ratings,https://ratings.food.gov.uk/api/open-data-files/FHRS189en-GB.xml,2026-10-06T02:15:30Z,200,text/xml,1219111,2484cae5618e378d431df0772ad45914311c2fb4d19480a15d39f5f592463b9c,"""104o10h1vvtq4o6""",,changed,raw/fsa.fhrs.ratings/2026/10/20261006T021530Z-2484cae5618e.xml.gz,,
fsa.fhrs.ratings,https://ratings.food.gov.uk/api/open-data-files/FHRS190en-GB.xml,2026-10-06T02:15:33Z,200,text/xml,1533497,4364366c97e971c66fb5bdf55aa22d8e67caa4655d9afe40531080eb40bcb024,"""151wtahl6x2wv95""",,changed,raw/fsa.fhrs.ratings/2026/10/20261006T021533Z-4364366c97e9.xml.gz,,
fsa.fhrs.ratings,https://ratings.food.gov.uk/api/open-data-files/FHRS191en-GB.xml,2026-10-06T02:15:35Z,200,text/xml,1064131,840822307cd4f360d100c113e865b58ced9249dcaab804fda71ae16903e73290,"""kc0scdjpl2mt37""",,changed,raw/fsa.fhrs.ratings/2026/10/20261006T021535Z-840822307cd4.xml.gz,,
fsa.fhrs.ratings,https://ratings.food.gov.uk/api/open-data-files/FHRS192en-GB.xml,2026-10-06T02:15:37Z,200,text/xml,1091741,2c2a2f43f6add85337398ffdd5b4a7b95357a5c450557fa487edec4d2373a664,"""im6ao1ghdcnee1""",,changed,raw/fsa.fhrs.ratings/2026/10/20261006T021537Z-2c2a2f43f6ad.xml.gz,,
fsa.fhrs.ratings,https://ratings.food.gov.uk/api/open-data-files/FHRS196en-GB.xml,2026-10-06T02:15:39Z,200,text/xml,835424,7aabae3d3d7dc3873d498c50358806878de2a9b4970a74f9b225d206a2f8627b,"""cqy6gid93shwlt""",,changed,raw/fsa.fhrs.ratings/2026/10/20261006T021539Z-7aabae3d3d7d.xml.gz,,
fsa.fhrs.ratings,https://ratings.food.gov.uk/api/open-data-files/FHRS197en-GB.xml,2026-10-06T02:15:42Z,200,text/xml,1004284,9bb8f72c9ed830f7d61da25335c1781465a7dfd5699fede7a80540fe285ce654,"""us4j5io9ahliwq""",,changed,raw/fsa.fhrs.ratings/2026/10/20261006T021542Z-9bb8f72c9ed8.xml.gz,,
fsa.fhrs.ratings,https://ratings.food.gov.uk/api/open-data-files/FHRS198en-GB.xml,2026-10-06T02:15:44Z,200,text/xml,834876,dcd5281fb73b399660b17afe3d6eaa0ebf11c1f0131f67d4ad372dde413848b0,"""66q0b2x0ohhw6q""",,changed,raw/fsa.fhrs.ratings/2026/10/20261006T021544Z-dcd5281fb73b.xml.gz,,
fsa.fhrs.ratings,https://ratings.food.gov.uk/api/open-data-files/FHRS199en-GB.xml,2026-10-06T02:15:46Z,200,text/xml,762188,9ac5adbad28cabb3838c8766cf49400f22b3f36e63ff3c8332ec0dd61ac54928,"""o4ckvkcwmhgc3w""",,changed,raw/fsa.fhrs.ratings/2026/10/20261006T021546Z-9ac5adbad28c.xml.gz,,
fsa.fhrs.ratings,https://ratings.food.gov.uk/api/open-data-files/FHRS200en-GB.xml,2026-10-06T02:15:48Z,200,text/xml,1214137,885948253164dc87763c93cb6825c587ac9691be632d62f6c7b428eb73c2a527,"""15wzbgvuo5kq0u1""",,changed,raw/fsa.fhrs.ratings/2026/10/20261006T021548Z-885948253164.xml.gz,,
fsa.fhrs.ratings,https://ratings.food.gov.uk/api/open-data-files/FHRS201en-GB.xml,2026-10-06T02:15:51Z,200,text/xml,802608,38325876c6474a2d3d9a835c6872dcb96ad734c018a82a108ea8d423af5b9e31,"""17ng0gmqwtmh7an""",,changed,raw/fsa.fhrs.ratings/2026/10/20261006T021551Z-38325876c647.xml.gz,,
fsa.fhrs.ratings,https://ratings.food.gov.uk/api/open-data-files/FHRS202en-GB.xml,2026-10-06T02:15:53Z,200,text/xml,1571297,e6d84a56f3eb5d01968d30c1d513238151d84c3d97bbbd106dfc3d8da9e7a21b,"""ebi5uol9n9xof3""",,changed,raw/fsa.fhrs.ratings/2026/10/20261006T021553Z-e6d84a56f3eb.xml.gz,,
fsa.fhrs.ratings,https://ratings.food.gov.uk/api/open-data-files/FHRS203en-GB.xml,2026-10-06T02:15:55Z,200,text/xml,666333,3727c97851ee8fb00f5db4193382a1ae4e575d38fcded36c843ee9580f5f4af1,"""12aqotnfaneea58""",,changed,raw/fsa.fhrs.ratings/2026/10/20261006T021555Z-3727c97851ee.xml.gz,,
fsa.fhrs.ratings,https://ratings.food.gov.uk/api/open-data-files/FHRS204en-GB.xml,2026-10-06T02:15:58Z,200,text/xml,707999,bc0e63412cca7a0a7b51622ceadc28a57b7acacb344ade5f8f4bbc251c7e6c63,"""yp8fi4kp22f6an""",,changed,raw/fsa.fhrs.ratings/2026/10/20261006T021558Z-bc0e63412cca.xml.gz,,
fsa.fhrs.ratings,https://ratings.food.gov.uk/api/open-data-files/FHRS205en-GB.xml,2026-10-06T02:16:00Z,200,text/xml,855003,ed0e494293f04e7e1f317175204b91d24c072587d7d40c2393d28b89731aa566,"""1037zy87uj5ibq3""",,changed,raw/fsa.fhrs.ratings/2026/10/20261006T021600Z-ed0e494293f0.xml.gz,,
fsa.fhrs.ratings,https://ratings.food.gov.uk/api/open-data-files/FHRS206en-GB.xml,2026-10-06T02:16:02Z,200,text/xml,944554,5620f08709423f3f28e92b0edc2f8625f2ed59e0f84b351c8e4516b32b9a5d31,"""15awtrcp6jck8td""",,changed,raw/fsa.fhrs.ratings/2026/10/20261006T021602Z-5620f0870942.xml.gz,,
fsa.fhrs.ratings,https://ratings.food.gov.uk/api/open-data-files/FHRS207en-GB.xml,2026-10-06T02:16:04Z,200,text/xml,1020422,54ef1c32d139e6f356e3d28faa9b051fed4d1b395f6e38b9ce07f89452ef1ea6,"""v2m8r49roclvd1""",,changed,raw/fsa.fhrs.ratings/2026/10/20261006T021604Z-54ef1c32d139.xml.gz,,
fsa.fhrs.ratings,https://ratings.food.gov.uk/api/open-data-files/FHRS209en-GB.xml,2026-10-06T02:16:07Z,200,text/xml,669209,5ca606e68cf52fd134e8e8203b38b80fef236cdb16812d9422e2531fd5ea3d57,"""11wxos3stujecd5""",,changed,raw/fsa.fhrs.ratings/2026/10/20261006T021607Z-5ca606e68cf5.xml.gz,,
fsa.fhrs.ratings,https://ratings.food.gov.uk/api/open-data-files/FHRS210en-GB.xml,2026-10-06T02:16:09Z,200,text/xml,1414737,f7282d4364275e1892c0f984b725bd3dad2440264111e61e1f9bb9868ab9a8d5,"""evjbitfxgpubks""",,changed,raw/fsa.fhrs.ratings/2026/10/20261006T021609Z-f7282d436427.xml.gz,,
fsa.fhrs.ratings,https://ratings.food.gov.uk/api/open-data-files/FHRS211en-GB.xml,2026-10-06T02:16:12Z,200,text/xml,780150,74a4668b56be22b28767e843ae654e36668f1156bbc59b5167dac5e26b42b313,"""pc2d6krc92gpyu""",,changed,raw/fsa.fhrs.ratings/2026/10/20261006T021612Z-74a4668b56be.xml.gz,,
fsa.fhrs.ratings,https://ratings.food.gov.uk/api/open-data-files/FHRS212en-GB.xml,2026-10-06T02:16:14Z,200,text/xml,951255,74aac6cb0d8f80cf69a4048ede3ce8863393faf16b85c0ce16e53c351c4f2967,"""k4u3x067wvkdzp""",,changed,raw/fsa.fhrs.ratings/2026/10/20261006T021614Z-74aac6cb0d8f.xml.gz,,
fsa.fhrs.ratings,https://ratings.food.gov.uk/api/open-data-files/FHRS214en-GB.xml,2026-10-06T02:16:16Z,200,text/xml,526537,64c69b14b70325bd83b5e8336689264ab83f82377d00e754285cb20fbc5924f5,"""da1cw6h623baa1""",,changed,raw/fsa.fhrs.ratings/2026/10/20261006T021616Z-64c69b14b703.xml.gz,,
fsa.fhrs.ratings,https://ratings.food.gov.uk/api/open-data-files/FHRS215en-GB.xml,2026-10-06T02:16:18Z,200,text/xml,962274,e58f49e868cc266e44f14379b4a1ec8b6c10e5c56c73ff321a5bfaca926ef0bb,"""a6vmmtp7npkmhu""",,changed,raw/fsa.fhrs.ratings/2026/10/20261006T021618Z-e58f49e868cc.xml.gz,,
fsa.fhrs.ratings,https://ratings.food.gov.uk/api/open-data-files/FHRS216en-GB.xml,2026-10-06T02:16:20Z,200,text/xml,409855,b3524605227f517f5fbaa21228a5ac8da3062087d1b4526a2504ffe725d4a25a,"""14yaej849x88s8v""",,changed,raw/fsa.fhrs.ratings/2026/10/20261006T021620Z-b3524605227f.xml.gz,,
fsa.fhrs.ratings,https://ratings.food.gov.uk/api/open-data-files/FHRS219en-GB.xml,2026-10-06T02:16:23Z,200,text/xml,624414,1f17043803d7e77d8b4ca7f875e84908b5bb95b5b8f42d6dddb0d4829911edeb,"""jy8dvdfplqddsr""",,changed,raw/fsa.fhrs.ratings/2026/10/20261006T021623Z-1f17043803d7.xml.gz,,
fsa.fhrs.ratings,https://ratings.food.gov.uk/api/open-data-files/FHRS220en-GB.xml,2026-10-06T02:16:25Z,200,text/xml,2348181,3deaee30352ed6dd46f7cfa9078f27a0bba2a7ea33556f01c7f5e67eca6a1e71,"""nxdcdql9r41ebuf""",,changed,raw/fsa.fhrs.ratings/2026/10/20261006T021625Z-3deaee30352e.xml.gz,,
fsa.fhrs.ratings,https://ratings.food.gov.uk/api/open-data-files/FHRS221en-GB.xml,2026-10-06T02:16:27Z,200,text/xml,1111506,bad770118a0ad3d65ed5f43949be1593f0108e1932b523f4e502a899ea1c57b0,"""lzhrkhjsdantn6""",,changed,raw/fsa.fhrs.ratings/2026/10/20261006T021627Z-bad770118a0a.xml.gz,,
fsa.fhrs.ratings,https://ratings.food.gov.uk/api/open-data-files/FHRS222en-GB.xml,2026-10-06T02:16:30Z,200,text/xml,918814,748743f09a2c996d4d7fb7c7ea6438829e44761b6ebd5034050d631630bc9cc8,"""gi8hmj8ucdjoyk""",,changed,raw/fsa.fhrs.ratings/2026/10/20261006T021630Z-748743f09a2c.xml.gz,,
fsa.fhrs.ratings,https://ratings.food.gov.uk/api/open-data-files/FHRS223en-GB.xml,2026-10-06T02:16:32Z,200,text/xml,789223,8ab10adb456c614a21115e22458573f583f14ee6dfb2cdd4940dd72196156cef,"""11wpix7gidhgwxy""",,changed,raw/fsa.fhrs.ratings/2026/10/20261006T021632Z-8ab10adb456c.xml.gz,,
fsa.fhrs.ratings,https://ratings.food.gov.uk/api/open-data-files/FHRS224en-GB.xml,2026-10-06T02:16:34Z,200,text/xml,1210909,e553aa69974c9e57e295974d3da662036c961834d2b81391b60404847fb199d9,"""74x5lhs9kmpyar""",,changed,raw/fsa.fhrs.ratings/2026/10/20261006T021634Z-e553aa69974c.xml.gz,,
fsa.fhrs.ratings,https://ratings.food.gov.uk/api/open-data-files/FHRS225en-GB.xml,2026-10-06T02:16:36Z,200,text/xml,807154,d917c7483a34005bab0c5a2ae6af6ae4a8328b6c8ec483cd21cf7e21899d9b9d,"""10rhfe64toqhasy""",,changed,raw/fsa.fhrs.ratings/2026/10/20261006T021636Z-d917c7483a34.xml.gz,,
fsa.fhrs.ratings,https://ratings.food.gov.uk/api/open-data-files/FHRS227en-GB.xml,2026-10-06T02:16:39Z,200,text/xml,1244989,9aef47b700f62c841dd973cfcca7fef9ca52518d4fbae602458a3fbdda846f73,"""sgv44wmxsbqom0""",,changed,raw/fsa.fhrs.ratings/2026/10/20261006T021639Z-9aef47b700f6.xml.gz,,
fsa.fhrs.ratings,https://ratings.food.gov.uk/api/open-data-files/FHRS228en-GB.xml,2026-10-06T02:16:41Z,200,text/xml,971089,32ed3c3b5a7b5f8ece35ec3c529fe1623955b27aba6fd2fee0bb1b8fae8583f5,"""oqz7r75yr6ktan""",,changed,raw/fsa.fhrs.ratings/2026/10/20261006T021641Z-32ed3c3b5a7b.xml.gz,,
fsa.fhrs.ratings,https://ratings.food.gov.uk/api/open-data-files/FHRS229en-GB.xml,2026-10-06T02:16:43Z,200,text/xml,1112915,b5891a7bb013762737f12993eedb405466eda32a60d6ec9cf4b64fa7ac640f7d,"""6yewf7j45onups""",,changed,raw/fsa.fhrs.ratings/2026/10/20261006T021643Z-b5891a7bb013.xml.gz,,
fsa.fhrs.ratings,https://ratings.food.gov.uk/api/open-data-files/FHRS230en-GB.xml,2026-10-06T02:16:46Z,200,text/xml,1553509,4ce8c90008b793bd2bfd40f1a2480d6ec717983833dc50e8cbd5ef9666e4fdc2,"""hr8ap45rquxaoz""",,changed,raw/fsa.fhrs.ratings/2026/10/20261006T021646Z-4ce8c90008b7.xml.gz,,
fsa.fhrs.ratings,https://ratings.food.gov.uk/api/open-data-files/FHRS231en-GB.xml,2026-10-06T02:16:48Z,200,text/xml,1512030,d5846dccc585e739f9397d108d369d30dda1c5c7594926b09f284e7a41d5f88c,"""l6srpech8zweot""",,changed,raw/fsa.fhrs.ratings/2026/10/20261006T021648Z-d5846dccc585.xml.gz,,
fsa.fhrs.ratings,https://ratings.food.gov.uk/api/open-data-files/FHRS232en-GB.xml,2026-10-06T02:16:50Z,200,text/xml,1615081,549b3b9de62a97cfed5ceee80d733068a928aa3af4c25291c2ae270fa3e033c9,"""18b3ql8d877ym79""",,changed,raw/fsa.fhrs.ratings/2026/10/20261006T021650Z-549b3b9de62a.xml.gz,,
fsa.fhrs.ratings,https://ratings.food.gov.uk/api/open-data-files/FHRS233en-GB.xml,2026-10-06T02:16:53Z,200,text/xml,1133332,691d23f699dd713fe4e0fb81f25a032605aa5b8e089d2be8f11cbca98c456bd4,"""tnot31jsqxoahd""",,changed,raw/fsa.fhrs.ratings/2026/10/20261006T021653Z-691d23f699dd.xml.gz,,
fsa.fhrs.ratings,https://ratings.food.gov.uk/api/open-data-files/FHRS235en-GB.xml,2026-10-06T02:16:55Z,200,text/xml,3067571,04a054deb3f594afff0a139388ead8d01299725f7aa19bfb03b35493200808c9,"""3e3tqoo5ti1tqya""",,changed,raw/fsa.fhrs.ratings/2026/10/20261006T021655Z-04a054deb3f5.xml.gz,,
fsa.fhrs.ratings,https://ratings.food.gov.uk/api/open-data-files/FHRS236en-GB.xml,2026-10-06T02:16:58Z,200,text/xml,4068509,dcf4c8d41fd76a485e297d8022ea530611f5b741a8979965623df2af8b7e728c,"""nsisgmq6hs2f79l""",,changed,raw/fsa.fhrs.ratings/2026/10/20261006T021658Z-dcf4c8d41fd7.xml.gz,,
fsa.fhrs.ratings,https://ratings.food.gov.uk/api/open-data-files/FHRS250en-GB.xml,2026-10-06T02:17:00Z,200,text/xml,6764201,51c3a5cfdc5fb6c565b9843511c9f501daacb53f548cea381d027f6c809ff7d6,"""gk67q17xab40z5y""",,changed,raw/fsa.fhrs.ratings/2026/10/20261006T021700Z-51c3a5cfdc5f.xml.gz,,
fsa.fhrs.ratings,https://ratings.food.gov.uk/api/open-data-files/FHRS259en-GB.xml,2026-10-06T02:17:03Z,200,text/xml,884232,a87e52f9364d8727fc193f5f222cfe3913b8a2a7b6e994eee571b8b6699b6980,"""zni9tdewasiy9i""",,changed,raw/fsa.fhrs.ratings/2026/10/20261006T021703Z-a87e52f9364d.xml.gz,,
fsa.fhrs.ratings,https://ratings.food.gov.uk/api/open-data-files/FHRS260en-GB.xml,2026-10-06T02:17:05Z,200,text/xml,1094824,0a3e43ca12bb68a15c5ea6a8e4e6731c0bf7959dfa5118ef0469e887c0d81d5c,"""kinapv42wfngro""",,changed,raw/fsa.fhrs.ratings/2026/10/20261006T021705Z-0a3e43ca12bb.xml.gz,,
fsa.fhrs.ratings,https://ratings.food.gov.uk/api/open-data-files/FHRS261en-GB.xml,2026-10-06T02:17:07Z,200,text/xml,809523,257828e2def641db68b79d5f4d1108eebf83fcca2f8db79a2fe7c26d0f97a827,"""db4k987cq2hcmp""",,changed,raw/fsa.fhrs.ratings/2026/10/20261006T021707Z-257828e2def6.xml.gz,,
fsa.fhrs.ratings,https://ratings.food.gov.uk/api/open-data-files/FHRS262en-GB.xml,2026-10-06T02:17:10Z,200,text/xml,830032,e53a988a967b5f33381c7b06fcd4d1741fa1daac88045dfb3255b1fe74d5570c,"""qwpphvmky1hsgf""",,changed,raw/fsa.fhrs.ratings/2026/10/20261006T021710Z-e53a988a967b.xml.gz,,
fsa.fhrs.ratings,https://ratings.food.gov.uk/api/open-data-files/FHRS263en-GB.xml,2026-10-06T02:17:12Z,200,text/xml,920560,e30bf55441bb66d46604218250a221d7ec7ebd20d6bc3c97cafa82e0f583c104,"""13waeyjef41jqas""",,changed,raw/fsa.fhrs.ratings/2026/10/20261006T021712Z-e30bf55441bb.xml.gz,,
fsa.fhrs.ratings,https://ratings.food.gov.uk/api/open-data-files/FHRS264en-GB.xml,2026-10-06T02:17:14Z,200,text/xml,1166449,e725f8d206f8fc2c9594a2534a805980d85e0895c475b8dff5b683bea5d63a94,"""tmycwbndjjp01b""",,changed,raw/fsa.fhrs.ratings/2026/10/20261006T021714Z-e725f8d206f8.xml.gz,,
fsa.fhrs.ratings,https://ratings.food.gov.uk/api/open-data-files/FHRS266en-GB.xml,2026-10-06T02:17:17Z,200,text/xml,920005,59f133947085eff27ebcbf7efcd5bcc6f16031c51aaf763b989042fb1af541cd,"""2psb7pxgndjpvm""",,changed,raw/fsa.fhrs.ratings/2026/10/20261006T021717Z-59f133947085.xml.gz,,
fsa.fhrs.ratings,https://ratings.food.gov.uk/api/open-data-files/FHRS268en-GB.xml,2026-10-06T02:17:19Z,200,text/xml,1315396,9fda05e63ccfbfb56eaffd233ea47f3895355f906d152ce5621a9292d6815584,"""uta1ouko7as6xr""",,changed,raw/fsa.fhrs.ratings/2026/10/20261006T021719Z-9fda05e63ccf.xml.gz,,
fsa.fhrs.ratings,https://ratings.food.gov.uk/api/open-data-files/FHRS269en-GB.xml,2026-10-06T02:17:21Z,200,text/xml,1546797,84ea84dccf7dd765b6631626a2cea7aa1446fd8db0a97fcac0749babdf6c372b,"""1188hfyw69x5ig""",,changed,raw/fsa.fhrs.ratings/2026/10/20261006T021721Z-84ea84dccf7d.xml.gz,,
fsa.fhrs.ratings,https://ratings.food.gov.uk/api/open-data-files/FHRS270en-GB.xml,2026-10-06T02:17:24Z,200,text/xml,1239953,2219e353f900879fc77eab983c3765e0771740f47a9d2dcae6fa879952b38585,"""q19ybknwceqkqy""",,changed,raw/fsa.fhrs.ratings/2026/10/20261006T021724Z-2219e353f900.xml.gz,,
fsa.fhrs.ratings,https://ratings.food.gov.uk/api/open-data-files/FHRS271en-GB.xml,2026-10-06T02:17:26Z,200,text/xml,1022974,4e87d6a5994915003037a729ef27d46244ab5b1edb18b815e561284d9dc4784a,"""opcgrqak6ilxbw""",,changed,raw/fsa.fhrs.ratings/2026/10/20261006T021726Z-4e87d6a59949.xml.gz,,
fsa.fhrs.ratings,https://ratings.food.gov.uk/api/open-data-files/FHRS272en-GB.xml,2026-10-06T02:17:28Z,200,text/xml,1122453,8b590ab7a83a2c45298ddf391f02f7734aa0b3891fdc786d6b1700cf4fe96a75,"""z5hexgwneao236""",,changed,raw/fsa.fhrs.ratings/2026/10/20261006T021728Z-8b590ab7a83a.xml.gz,,
fsa.fhrs.ratings,https://ratings.food.gov.uk/api/open-data-files/FHRS281en-GB.xml,2026-10-06T02:17:31Z,200,text/xml,5979970,f69b22823a497ce94a0d2f5181881aadde3e217759090f931c3581eaf4350287,"""u2w24626ko3k60x""",,changed,raw/fsa.fhrs.ratings/2026/10/20261006T021731Z-f69b22823a49.xml.gz,,
fsa.fhrs.ratings,https://ratings.food.gov.uk/api/open-data-files/FHRS287en-GB.xml,2026-10-06T02:17:33Z,200,text/xml,813938,29f2229699444edd29ec086745af6e35acbef30015ce4ae9b31fa97028535e07,"""zk1evwf8lrhg1e""",,changed,raw/fsa.fhrs.ratings/2026/10/20261006T021733Z-29f222969944.xml.gz,,
fsa.fhrs.ratings,https://ratings.food.gov.uk/api/open-data-files/FHRS288en-GB.xml,2026-10-06T02:17:35Z,200,text/xml,1254686,4ff848a62f4b545a45990d761442153782bf526d2943768101adcf7802a47479,"""vhkohbgnjnqw3o""",,changed,raw/fsa.fhrs.ratings/2026/10/20261006T021735Z-4ff848a62f4b.xml.gz,,
fsa.fhrs.ratings,https://ratings.food.gov.uk/api/open-data-files/FHRS289en-GB.xml,2026-10-06T02:17:38Z,200,text/xml,913076,f356481793c9269b5c14b467bbe39662da69538e7b88808913017b04136d22fc,"""epuhha6d8ejkj8""",,changed,raw/fsa.fhrs.ratings/2026/10/20261006T021738Z-f356481793c9.xml.gz,,
fsa.fhrs.ratings,https://ratings.food.gov.uk/api/open-data-files/FHRS290en-GB.xml,2026-10-06T02:17:40Z,200,text/xml,1026189,a6312a95709a378e84917e37e88bfb08343f9d3915c7702df9a81f4d9ddb3701,"""vskuqsk8gblzt9""",,changed,raw/fsa.fhrs.ratings/2026/10/20261006T021740Z-a6312a95709a.xml.gz,,
fsa.fhrs.ratings,https://ratings.food.gov.uk/api/open-data-files/FHRS291en-GB.xml,2026-10-06T02:17:43Z,200,text/xml,753982,90dd204c8455537dcdf05781e231393464d45ee56fc391e0e89c9e895403af02,"""uuml4r53yg5rx""",,changed,raw/fsa.fhrs.ratings/2026/10/20261006T021743Z-90dd204c8455.xml.gz,,
fsa.fhrs.ratings,https://ratings.food.gov.uk/api/open-data-files/FHRS292en-GB.xml,2026-10-06T02:17:45Z,200,text/xml,1122880,958d27ef7d9ff0f788655a1326896f0efa8a549386d7bcbfa1e6d128bf1d3794,"""3dgbbx2a0o2dy""",,changed,raw/fsa.fhrs.ratings/2026/10/20261006T021745Z-958d27ef7d9f.xml.gz,,
fsa.fhrs.ratings,https://ratings.food.gov.uk/api/open-data-files/FHRS293en-GB.xml,2026-10-06T02:17:47Z,200,text/xml,871460,98e8ca46abe58fbafc5cbba5109c289ee02c40fd32d7960fe005105d42f1105d,"""iaep5tcsvpioer""",,changed,raw/fsa.fhrs.ratings/2026/10/20261006T021747Z-98e8ca46abe5.xml.gz,,
fsa.fhrs.ratings,https://ratings.food.gov.uk/api/open-data-files/FHRS295en-GB.xml,2026-10-06T02:17:49Z,200,text/xml,543883,83e0ed7fcbf98486b9d36de08fe97cc53a92701cdd0a3b39c13d8f3788c808bb,"""wxcb8c0h88bnn0""",,changed,raw/fsa.fhrs.ratings/2026/10/20261006T021749Z-83e0ed7fcbf9.xml.gz,,
fsa.fhrs.ratings,https://ratings.food.gov.uk/api/open-data-files/FHRS297en-GB.xml,2026-10-06T02:17:51Z,200,text/xml,884576,bd8f7c2d7b2da03e06a727b0c18c7328f467675a38e4ac80a1e5a059c3fb0bdc,"""tq0nok09gliyjk""",,changed,raw/fsa.fhrs.ratings/2026/10/20261006T021751Z-bd8f7c2d7b2d.xml.gz,,
fsa.fhrs.ratings,https://ratings.food.gov.uk/api/open-data-files/FHRS298en-GB.xml,2026-10-06T02:17:54Z,200,text/xml,1639333,151290a2edb1cf542a41ccc9c4ff2eb5faac631dfe2379024722ab79419418a2,"""g6j6fwfst8z4x1""",,changed,raw/fsa.fhrs.ratings/2026/10/20261006T021754Z-151290a2edb1.xml.gz,,
fsa.fhrs.ratings,https://ratings.food.gov.uk/api/open-data-files/FHRS299en-GB.xml,2026-10-06T02:17:56Z,200,text/xml,1108920,ab9fa2a4b0a3d0d6ad732787adaf4d19972385cb0b8f9ce04593e89b046a031a,"""5bdwun931dnrnc""",,changed,raw/fsa.fhrs.ratings/2026/10/20261006T021756Z-ab9fa2a4b0a3.xml.gz,,
fsa.fhrs.ratings,https://ratings.food.gov.uk/api/open-data-files/FHRS300en-GB.xml,2026-10-06T02:17:59Z,200,text/xml,855644,e68ebe0a4d3e6ca15a79869e65d5b772a0ebadaaba4fe2c9f6a17a8969da68b2,"""fsqm8nrwfhic7w""",,changed,raw/fsa.fhrs.ratings/2026/10/20261006T021759Z-e68ebe0a4d3e.xml.gz,,
fsa.fhrs.ratings,https://ratings.food.gov.uk/api/open-data-files/FHRS302en-GB.xml,2026-10-06T02:18:01Z,200,text/xml,2513684,c7dab02746e1a9ed54ac11b4d4e9dae7ef152b87d2f89599adc4892f23efe5a3,"""11s2exn8c7d1hvkj""",,changed,raw/fsa.fhrs.ratings/2026/10/20261006T021801Z-c7dab02746e1.xml.gz,,
fsa.fhrs.ratings,https://ratings.food.gov.uk/api/open-data-files/FHRS305en-GB.xml,2026-10-06T02:18:03Z,200,text/xml,1109470,b3c80a66188b78f5aa81eaf9f32d6bded1bc91b2798f4dde03d738c8e3791e63,"""185haahiuxgns2m""",,changed,raw/fsa.fhrs.ratings/2026/10/20261006T021803Z-b3c80a66188b.xml.gz,,
fsa.fhrs.ratings,https://ratings.food.gov.uk/api/open-data-files/FHRS306en-GB.xml,2026-10-06T02:18:06Z,200,text/xml,554093,69970db3c7931e3b8c68c2d3bf5e3f742f698dddfc4ac5f04404b887a8d310b3,"""lzlsbrg8ybvjh""",,changed,raw/fsa.fhrs.ratings/2026/10/20261006T021806Z-69970db3c793.xml.gz,,
fsa.fhrs.ratings,https://ratings.food.gov.uk/api/open-data-files/FHRS307en-GB.xml,2026-10-06T02:18:08Z,200,text/xml,1139889,50e7d435e4a1fe991c063b8e4f6c360331f8d2bd397fe0013de5e932e5543856,"""bt5bqntltaofit""",,changed,raw/fsa.fhrs.ratings/2026/10/20261006T021808Z-50e7d435e4a1.xml.gz,,
fsa.fhrs.ratings,https://ratings.food.gov.uk/api/open-data-files/FHRS308en-GB.xml,2026-10-06T02:18:10Z,200,text/xml,741120,4b2ef6c39229d0814bbef63fbee5049226630d5ac63e5b7749745d2c34605ffa,"""gd2m35hlmsfvuf""",,changed,raw/fsa.fhrs.ratings/2026/10/20261006T021810Z-4b2ef6c39229.xml.gz,,
fsa.fhrs.ratings,https://ratings.food.gov.uk/api/open-data-files/FHRS309en-GB.xml,2026-10-06T02:18:12Z,200,text/xml,1094472,2e49a054b070c10f1a9cda37e9f63796e32fc6a23f26d36a754fe7bdef9f693e,"""112mdjnac5cnghy""",,changed,raw/fsa.fhrs.ratings/2026/10/20261006T021812Z-2e49a054b070.xml.gz,,
fsa.fhrs.ratings,https://ratings.food.gov.uk/api/open-data-files/FHRS310en-GB.xml,2026-10-06T02:18:14Z,200,text/xml,702030,fbd94e6958bb1702610f3b0085c71922a03e6aa3aeff258b9d695714086d4b12,"""4w3soqxn8rf1os""",,changed,raw/fsa.fhrs.ratings/2026/10/20261006T021814Z-fbd94e6958bb.xml.gz,,
fsa.fhrs.ratings,https://ratings.food.gov.uk/api/open-data-files/FHRS311en-GB.xml,2026-10-06T02:18:17Z,200,text/xml,768460,510c66c6cc2420caff1f483d456d6bce7a022b6df4f787b4f590c538e739cf39,"""59mgnv60h3ggxu""",,changed,raw/fsa.fhrs.ratings/2026/10/20261006T021817Z-510c66c6cc24.xml.gz,,
fsa.fhrs.ratings,https://ratings.food.gov.uk/api/open-data-files/FHRS312en-GB.xml,2026-10-06T02:18:19Z,200,text/xml,682529,d6f2ef7c13e1bb99bb82e04900da2926b6610752ef028a7e75cb844998183a2f,"""amfyoqk5ikemn4""",,changed,raw/fsa.fhrs.ratings/2026/10/20261006T021819Z-d6f2ef7c13e1.xml.gz,,
fsa.fhrs.ratings,https://ratings.food.gov.uk/api/open-data-files/FHRS313en-GB.xml,2026-10-06T02:18:21Z,200,text/xml,689925,27df5bfdb170be6747c1302a99f7fde344cf065bf87461e4330d1d1a906dccae,"""16n4m8evgmxesc8""",,changed,raw/fsa.fhrs.ratings/2026/10/20261006T021821Z-27df5bfdb170.xml.gz,,
fsa.fhrs.ratings,https://ratings.food.gov.uk/api/open-data-files/FHRS314en-GB.xml,2026-10-06T02:18:24Z,200,text/xml,1043389,21f39875ead9953c137d202f3ae102e3a93810aa138c637b2472e063674c9767,"""s8tlv4iuczmd2r""",,changed,raw/fsa.fhrs.ratings/2026/10/20261006T021824Z-21f39875ead9.xml.gz,,
fsa.fhrs.ratings,https://ratings.food.gov.uk/api/open-data-files/FHRS315en-GB.xml,2026-10-06T02:18:26Z,200,text/xml,725187,121691aad680d473df747dc2a9a7a55c43eb19dc6a07a75a77ced93911b8536e,"""kkfehgpegdfjk1""",,changed,raw/fsa.fhrs.ratings/2026/10/20261006T021826Z-121691aad680.xml.gz,,
fsa.fhrs.ratings,https://ratings.food.gov.uk/api/open-data-files/FHRS317en-GB.xml,2026-10-06T02:18:28Z,200,text/xml,670217,408a810412659b12b29289f77d5c215f496d6fe63ac564f85561e41fc7514f93,"""2gd9waat6bed4p""",,changed,raw/fsa.fhrs.ratings/2026/10/20261006T021828Z-408a81041265.xml.gz,,
fsa.fhrs.ratings,https://ratings.food.gov.uk/api/open-data-files/FHRS318en-GB.xml,2026-10-06T02:18:30Z,200,text/xml,908404,648020746cfe5a64d391e4edb891586e3db5e30c864ed4765f4c01e88e6418a3,"""xbna6q2othjgvs""",,changed,raw/fsa.fhrs.ratings/2026/10/20261006T021830Z-648020746cfe.xml.gz,,
fsa.fhrs.ratings,https://ratings.food.gov.uk/api/open-data-files/FHRS319en-GB.xml,2026-10-06T02:18:33Z,200,text/xml,905113,f91402f5487fb3a061b98b3dc0d68c80e865edd097172e89f1a8d96c1be39882,"""q670akql80jecl""",,changed,raw/fsa.fhrs.ratings/2026/10/20261006T021833Z-f91402f5487f.xml.gz,,
fsa.fhrs.ratings,https://ratings.food.gov.uk/api/open-data-files/FHRS320en-GB.xml,2026-10-06T02:18:35Z,200,text/xml,1384448,47d5034dcd6baa2424dd32fd13ff612ff53db9800917ddbdd56c4e948935220a,"""ld4rralhvjto8s""",,changed,raw/fsa.fhrs.ratings/2026/10/20261006T021835Z-47d5034dcd6b.xml.gz,,
fsa.fhrs.ratings,https://ratings.food.gov.uk/api/open-data-files/FHRS321en-GB.xml,2026-10-06T02:18:38Z,200,text/xml,1372761,723850af1ab06c631ee7197d6dbae25099d824dd4abc6540a985b9b92c973426,"""cfp5uwv0vstf7x""",,changed,raw/fsa.fhrs.ratings/2026/10/20261006T021838Z-723850af1ab0.xml.gz,,
fsa.fhrs.ratings,https://ratings.food.gov.uk/api/open-data-files/FHRS323en-GB.xml,2026-10-06T02:18:40Z,200,text/xml,462488,9b0fdd806adbd3b261b2e0b595467d720e5f0edde6d6b12ceda2bcc489b758fe,"""3owcwdm67b9wuk""",,changed,raw/fsa.fhrs.ratings/2026/10/20261006T021840Z-9b0fdd806adb.xml.gz,,
fsa.fhrs.ratings,https://ratings.food.gov.uk/api/open-data-files/FHRS324en-GB.xml,2026-10-06T02:18:42Z,200,text/xml,1305750,c2b822c49af3d3b79a5b47d159a0162108b18c65b8e1ca5a03a23c4bf2457256,"""pbm4930qdirzhx""",,changed,raw/fsa.fhrs.ratings/2026/10/20261006T021842Z-c2b822c49af3.xml.gz,,
fsa.fhrs.ratings,https://ratings.food.gov.uk/api/open-data-files/FHRS325en-GB.xml,2026-10-06T02:18:44Z,200,text/xml,1471424,05e2dee6f7eed3fc601a7ad48ed0626c8bcc2ae67eab018bdad08eda3c43d41f,"""mpxbxaxt2yvjcr""",,changed,raw/fsa.fhrs.ratings/2026/10/20261006T021844Z-05e2dee6f7ee.xml.gz,,
fsa.fhrs.ratings,https://ratings.food.gov.uk/api/open-data-files/FHRS326en-GB.xml,2026-10-06T02:18:46Z,200,text/xml,970089,a86d7ae10dcdbc74146da297159e43f3cdb1583fdcb35aa348cc0176b608d09a,"""tqnnurufplksiu""",,changed,raw/fsa.fhrs.ratings/2026/10/20261006T021846Z-a86d7ae10dcd.xml.gz,,
fsa.fhrs.ratings,https://ratings.food.gov.uk/api/open-data-files/FHRS327en-GB.xml,2026-10-06T02:18:49Z,200,text/xml,1288599,b30faa2696d636458e140c1603debafb50be0b058fa0e2d4c8fb38560133e0d8,"""yva0u7c3ajrm9x""",,changed,raw/fsa.fhrs.ratings/2026/10/20261006T021849Z-b30faa2696d6.xml.gz,,
fsa.fhrs.ratings,https://ratings.food.gov.uk/api/open-data-files/FHRS328en-GB.xml,2026-10-06T02:18:51Z,200,text/xml,1387571,fd0214997b185e837f26299fe19c87335e391ef9be779898cccf5feabf1e292b,"""9z9nze8fd4tqnn""",,changed,raw/fsa.fhrs.ratings/2026/10/20261006T021851Z-fd0214997b18.xml.gz,,
fsa.fhrs.ratings,https://ratings.food.gov.uk/api/open-data-files/FHRS329en-GB.xml,2026-10-06T02:18:53Z,200,text/xml,1025996,44eb164d84416463264942f4aa27d9591967d88de7d8b4e41d6b5f32a472b2f9,"""17zujmjecfflzmy""",,changed,raw/fsa.fhrs.ratings/2026/10/20261006T021853Z-44eb164d8441.xml.gz,,
fsa.fhrs.ratings,https://ratings.food.gov.uk/api/open-data-files/FHRS336en-GB.xml,2026-10-06T02:18:56Z,304,text/xml,136155,cb8aacbb138b00925807e4f4be000ff729f38e0340048bb911ec6a1c5c08f111,"""2elyq2p7we2x23""",,unchanged,raw/fsa.fhrs.ratings/2026/09/20260914T052048Z-cb8aacbb138b.xml.gz,not_modified,
fsa.fhrs.ratings,https://ratings.food.gov.uk/api/open-data-files/FHRS401en-GB.xml,2026-10-06T02:18:57Z,200,text/xml,1830923,67a82509ee2f5969f33245f38eac4cdb00672835c7de0b1e3e3d0b16565e4041,"""tw23bmz5oo138qw""",,changed,raw/fsa.fhrs.ratings/2026/10/20261006T021857Z-67a82509ee2f.xml.gz,,
fsa.fhrs.ratings,https://ratings.food.gov.uk/api/open-data-files/FHRS402en-GB.xml,2026-10-06T02:19:00Z,200,text/xml,10424833,3517340ee277b54ef4d2865edb34241cd07c5b55e56f10a970af47e84da1b9cc,"""8lh6d6yf5j67fuj""",,changed,raw/fsa.fhrs.ratings/2026/10/20261006T021900Z-3517340ee277.xml.gz,,
fsa.fhrs.ratings,https://ratings.food.gov.uk/api/open-data-files/FHRS403en-GB.xml,2026-10-06T02:19:03Z,200,text/xml,2337708,72761d03d4380a3cee7472f5d1bab189e1bf112d86a50326425554cfd8c2459c,"""hdlcbd6tmc1e3rc""",,changed,raw/fsa.fhrs.ratings/2026/10/20261006T021903Z-72761d03d438.xml.gz,,
fsa.fhrs.ratings,https://ratings.food.gov.uk/api/open-data-files/FHRS404en-GB.xml,2026-10-06T02:19:05Z,200,text/xml,4482713,fecdb5982de6e01de4d1bfdff4f577347cd91be67309c3996824170261b9e9ed,"""10vcxfnmc8m2o2sc""",,changed,raw/fsa.fhrs.ratings/2026/10/20261006T021905Z-fecdb5982de6.xml.gz,,
fsa.fhrs.ratings,https://ratings.food.gov.uk/api/open-data-files/FHRS405en-GB.xml,2026-10-06T02:19:08Z,200,text/xml,1181447,a074b0031842f7fe76e439939fe3a2996f60b40fd612d4e11667bbe19803225b,"""y0ujcus4wnpbj8""",,changed,raw/fsa.fhrs.ratings/2026/10/20261006T021908Z-a074b0031842.xml.gz,,
fsa.fhrs.ratings,https://ratings.food.gov.uk/api/open-data-files/FHRS406en-GB.xml,2026-10-06T02:19:10Z,200,text/xml,1965620,e8c1425ca40c64644196d8cfb0e9eba47d327db4a5a8a00ad26a01b331627001,"""a461ovq3cu164oj""",,changed,raw/fsa.fhrs.ratings/2026/10/20261006T021910Z-e8c1425ca40c.xml.gz,,
fsa.fhrs.ratings,https://ratings.food.gov.uk/api/open-data-files/FHRS407en-GB.xml,2026-10-06T02:19:13Z,200,text/xml,2832699,8974f71555fae8c56e6fb8b22213d6af9fbca8093945512d51a5be19ceb4d27c,"""pkmfpc8hdj1opkt""",,changed,raw/fsa.fhrs.ratings/2026/10/20261006T021913Z-8974f71555fa.xml.gz,,
fsa.fhrs.ratings,https://ratings.food.gov.uk/api/open-data-files/FHRS408en-GB.xml,2026-10-06T02:19:15Z,200,text/xml,2709605,ea228fd021de75101bc89cc4eb658ef9103d9b053fd68239ff979522c913c0c5,"""13sqlzmme0u1m2ot""",,changed,raw/fsa.fhrs.ratings/2026/10/20261006T021915Z-ea228fd021de.xml.gz,,
fsa.fhrs.ratings,https://ratings.food.gov.uk/api/open-data-files/FHRS409en-GB.xml,2026-10-06T02:19:17Z,200,text/xml,2362516,4fb2a11f2c5599d83e8265f453991a315046e533c5e118c3b191c6d3e9fd9a8b,"""8807abjny91emxd""",,changed,raw/fsa.fhrs.ratings/2026/10/20261006T021917Z-4fb2a11f2c55.xml.gz,,
fsa.fhrs.ratings,https://ratings.food.gov.uk/api/open-data-files/FHRS410en-GB.xml,2026-10-06T02:19:20Z,200,text/xml,1652821,5ed5ad704dc66bacf61aea28615b251f5e4df74945b979f6a7fedce951132ac4,"""b1sspb8hxnzfai""",,changed,raw/fsa.fhrs.ratings/2026/10/20261006T021920Z-5ed5ad704dc6.xml.gz,,
fsa.fhrs.ratings,https://ratings.food.gov.uk/api/open-data-files/FHRS411en-GB.xml,2026-10-06T02:19:22Z,200,text/xml,3868385,49014739495464ba05eaa63f75fafa0983c272e11c10398f5e4f7d7667683baf,"""7aedyf2zch2awti""",,changed,raw/fsa.fhrs.ratings/2026/10/20261006T021922Z-490147394954.xml.gz,,
fsa.fhrs.ratings,https://ratings.food.gov.uk/api/open-data-files/FHRS412en-GB.xml,2026-10-06T02:19:25Z,200,text/xml,823485,d5d9411be43064ee99dbbb93b407a75f98dc6ee93c08c915a0ba609963eb9dab,"""xvbjk39oeohnek""",,changed,raw/fsa.fhrs.ratings/2026/10/20261006T021925Z-d5d9411be430.xml.gz,,
fsa.fhrs.ratings,https://ratings.food.gov.uk/api/open-data-files/FHRS413en-GB.xml,2026-10-06T02:19:27Z,200,text/xml,7166537,2fb8056bfc692b39fce396c0a2c6713bd9eaecbf24905789209525d9749da993,"""krb5fcms1e49lq6""",,changed,raw/fsa.fhrs.ratings/2026/10/20261006T021927Z-2fb8056bfc69.xml.gz,,
fsa.fhrs.ratings,https://ratings.food.gov.uk/api/open-data-files/FHRS414en-GB.xml,2026-10-06T02:19:30Z,200,text/xml,4469881,3df99f84f786e520f7bf490e23688807730842de43a9d3e83754a9c2771b6f42,"""yfdrt5luc52nss6""",,changed,raw/fsa.fhrs.ratings/2026/10/20261006T021930Z-3df99f84f786.xml.gz,,
fsa.fhrs.ratings,https://ratings.food.gov.uk/api/open-data-files/FHRS415en-GB.xml,2026-10-06T02:19:32Z,200,text/xml,6417951,d6402745f33370d5292a6888691ac176610bd8755c1f18937b0694325400da3b,"""11kg9x0l7fl3tk3p""",,changed,raw/fsa.fhrs.ratings/2026/10/20261006T021932Z-d6402745f333.xml.gz,,
fsa.fhrs.ratings,https://ratings.food.gov.uk/api/open-data-files/FHRS416en-GB.xml,2026-10-06T02:19:35Z,200,text/xml,2682460,6a0d3715b027404edfc711412835e2ddc59feff29a8707e2054451c17a6bd6ac,"""i3oyzvvm3a1lhqj""",,changed,raw/fsa.fhrs.ratings/2026/10/20261006T021935Z-6a0d3715b027.xml.gz,,
fsa.fhrs.ratings,https://ratings.food.gov.uk/api/open-data-files/FHRS417en-GB.xml,2026-10-06T02:19:37Z,200,text/xml,1555426,f7b1ee66a405655056a7314800530ade924835026c919616c8687444ea150153,"""20ocwvr9gkxc69""",,changed,raw/fsa.fhrs.ratings/2026/10/20261006T021937Z-f7b1ee66a405.xml.gz,,
fsa.fhrs.ratings,https://ratings.food.gov.uk/api/open-data-files/FHRS418en-GB.xml,2026-10-06T02:19:40Z,200,text/xml,1842884,09de68e2568313c9944a312ec3fbceb43dbfe38a8e192c0009a37bb85995c242,"""2at15bshv113hyy""",,changed,raw/fsa.fhrs.ratings/2026/10/20261006T021940Z-09de68e25683.xml.gz,,
fsa.fhrs.ratings,https://ratings.food.gov.uk/api/open-data-files/FHRS419en-GB.xml,2026-10-06T02:19:42Z,200,text/xml,1873786,b256ea1fc1fd4e7592de09b9e7513b0e96f846244feda0cf6d7d2f6cc721b919,"""1346a2hmxnp145tm""",,changed,raw/fsa.fhrs.ratings/2026/10/20261006T021942Z-b256ea1fc1fd.xml.gz,,
fsa.fhrs.ratings,https://ratings.food.gov.uk/api/open-data-files/FHRS420en-GB.xml,2026-10-06T02:19:44Z,200,text/xml,2211653,37f77dcc8fa279d0905410d4994c896332012d904e96a7a86b261ff9224c672b,"""xp6urenqqf1beh8""",,changed,raw/fsa.fhrs.ratings/2026/10/20261006T021944Z-37f77dcc8fa2.xml.gz,,
fsa.fhrs.ratings,https://ratings.food.gov.uk/api/open-data-files/FHRS421en-GB.xml,2026-10-06T02:19:47Z,200,text/xml,1363809,326de744ee4f5559510ff4f9575a63351ebb74899d169aabde287b23637ac9d5,"""13o79dpvmp7t8ap""",,changed,raw/fsa.fhrs.ratings/2026/10/20261006T021947Z-326de744ee4f.xml.gz,,
fsa.fhrs.ratings,https://ratings.food.gov.uk/api/open-data-files/FHRS422en-GB.xml,2026-10-06T02:19:49Z,200,text/xml,2069748,3712a70100b8a2a0f5403e72eff97a06fdd0e42a8e43e5f6df2236b592da37bd,"""1ww0nrqe0u18d0l""",,changed,raw/fsa.fhrs.ratings/2026/10/20261006T021949Z-3712a70100b8.xml.gz,,
fsa.fhrs.ratings,https://ratings.food.gov.uk/api/open-data-files/FHRS423en-GB.xml,2026-10-06T02:19:52Z,200,text/xml,2679885,1d0d9cf3c6caa9c16f37a54dc0115e48f7fd3c481a5f7c67f9a6596bf4860b58,"""wtnrmgeq3f1lfp4""",,changed,raw/fsa.fhrs.ratings/2026/10/20261006T021952Z-1d0d9cf3c6ca.xml.gz,,
fsa.fhrs.ratings,https://ratings.food.gov.uk/api/open-data-files/FHRS424en-GB.xml,2026-10-06T02:19:54Z,200,text/xml,2300584,3c817b5283b14398ff3b6d86550a30721a0baac635ac829771f6b5126d10a106,"""5msoniwgbk1db3x""",,changed,raw/fsa.fhrs.ratings/2026/10/20261006T021954Z-3c817b5283b1.xml.gz,,
fsa.fhrs.ratings,https://ratings.food.gov.uk/api/open-data-files/FHRS425en-GB.xml,2026-10-06T02:19:56Z,200,text/xml,4771510,a4ffe3da96451333b5a305d7b243550c802b403bbd116521ee865600fd645bee,"""ii2en9xur62u9mp""",,changed,raw/fsa.fhrs.ratings/2026/10/20261006T021956Z-a4ffe3da9645.xml.gz,,
fsa.fhrs.ratings,https://ratings.food.gov.uk/api/open-data-files/FHRS426en-GB.xml,2026-10-06T02:19:59Z,200,text/xml,1438608,f680af60c24665af545c7e4b6c6e80ab66df93dab855d4d948ed32e4001099ca,"""5m0mk25btnuu1c""",,changed,raw/fsa.fhrs.ratings/2026/10/20261006T021959Z-f680af60c246.xml.gz,,
fsa.fhrs.ratings,https://ratings.food.gov.uk/api/open-data-files/FHRS427en-GB.xml,2026-10-06T02:20:01Z,200,text/xml,1088760,9755f0fc7486a09eb2f040c0af203e67aab25b0b833eed3df2c307ffdafb1586,"""11iphunl0oonc3c""",,changed,raw/fsa.fhrs.ratings/2026/10/20261006T022001Z-9755f0fc7486.xml.gz,,
fsa.fhrs.ratings,https://ratings.food.gov.uk/api/open-data-files/FHRS428en-GB.xml,2026-10-06T02:20:04Z,200,text/xml,2641300,3dcf189368157f20a8602c464d311c4e67ad6bca2cd44d7d2257e9f5fb3301d6,"""qecpoc5pbe1km1e""",,changed,raw/fsa.fhrs.ratings/2026/10/20261006T022004Z-3dcf18936815.xml.gz,,
fsa.fhrs.ratings,https://ratings.food.gov.uk/api/open-data-files/FHRS429en-GB.xml,2026-10-06T02:20:06Z,200,text/xml,2271372,80e9faa4adfee7046fc783f980d6cb959c4e8c9f96f0c8738211a8803b164507,"""170wzpxew541coli""",,changed,raw/fsa.fhrs.ratings/2026/10/20261006T022006Z-80e9faa4adfe.xml.gz,,
fsa.fhrs.ratings,https://ratings.food.gov.uk/api/open-data-files/FHRS430en-GB.xml,2026-10-06T02:20:08Z,200,text/xml,1769236,fc1f326d7819273ed58030a25e95d20480879b4a9c15c925c3419b8804d7d8db,"""uxr3ggj9qu11x5e""",,changed,raw/fsa.fhrs.ratings/2026/10/20261006T022008Z-fc1f326d7819.xml.gz,,
fsa.fhrs.ratings,https://ratings.food.gov.uk/api/open-data-files/FHRS431en-GB.xml,2026-10-06T02:20:11Z,200,text/xml,2208371,f321c8401b2f052c3c449c293bd2fc69bdb9e75440f6321a25a8783c45d6e2d9,"""8htawy0gnb1bbwn""",,changed,raw/fsa.fhrs.ratings/2026/10/20261006T022011Z-f321c8401b2f.xml.gz,,
fsa.fhrs.ratings,https://ratings.food.gov.uk/api/open-data-files/FHRS432en-GB.xml,2026-10-06T02:20:13Z,200,text/xml,2971410,c2fdfb620e15acd42b2871be286d07a5eb56a28354046bd851e22a9c99bb5073,"""ytv1jqefaq1ror6""",,changed,raw/fsa.fhrs.ratings/2026/10/20261006T022013Z-c2fdfb620e15.xml.gz,,
fsa.fhrs.ratings,https://ratings.food.gov.uk/api/open-data-files/FHRS433en-GB.xml,2026-10-06T02:20:17Z,200,text/xml,2263109,8dd37c8fe81843885e9629b6dd7443617f5b964333a5ddbab90e8f50db98c309,"""tq4n86h1jq1ci81""",,changed,raw/fsa.fhrs.ratings/2026/10/20261006T022017Z-8dd37c8fe818.xml.gz,,
fsa.fhrs.ratings,https://ratings.food.gov.uk/api/open-data-files/FHRS434en-GB.xml,2026-10-06T02:20:18Z,200,text/xml,2480716,134dc5cad6bb5639d5cbbd1ff4452a3b576be682835b2a1d167c418362548bbc,"""178t4pgocp61h624""",,changed,raw/fsa.fhrs.ratings/2026/10/20261006T022018Z-134dc5cad6bb.xml.gz,,
fsa.fhrs.ratings,https://ratings.food.gov.uk/api/open-data-files/FHRS435en-GB.xml,2026-10-06T02:20:21Z,200,text/xml,2353673,833d98ddaf1b5c6903205041f9a8f157a209352e77b3a7e399aa053b49ab1d9c,"""udtzwpnoa91eg1t""",,changed,raw/fsa.fhrs.ratings/2026/10/20261006T022021Z-833d98ddaf1b.xml.gz,,
fsa.fhrs.ratings,https://ratings.food.gov.uk/api/open-data-files/FHRS436en-GB.xml,2026-10-06T02:20:23Z,200,text/xml,2257031,2d6e464a499d457fba0648135cf0081e31e6eca2d793d290941bfae2acb90f11,"""14tahcks7tu1cdj8""",,changed,raw/fsa.fhrs.ratings/2026/10/20261006T022023Z-2d6e464a499d.xml.gz,,
fsa.fhrs.ratings,https://ratings.food.gov.uk/api/open-data-files/FHRS501en-GB.xml,2026-10-06T02:20:26Z,200,text/xml,1414980,51127fd782f73ccdc309a0da96c8c8d1897ebf104a64b35676dbcfcaaf0f4429,"""mu83qdwz0zubsk""",,changed,raw/fsa.fhrs.ratings/2026/10/20261006T022026Z-51127fd782f7.xml.gz,,
fsa.fhrs.ratings,https://ratings.food.gov.uk/api/open-data-files/FHRS502en-GB.xml,2026-10-06T02:20:28Z,200,text/xml,2596904,3c05092d1dbe7c2a0523e08c54ba4c5babb53abc2a8ddce74cbef28c28bda0c5,"""ergtlk7kc01jnru""",,changed,raw/fsa.fhrs.ratings/2026/10/20261006T022028Z-3c05092d1dbe.xml.gz,,
fsa.fhrs.ratings,https://ratings.food.gov.uk/api/open-data-files/FHRS503en-GB.xml,2026-10-06T02:20:30Z,200,text/xml,1730934,0cb9d5bebd456c377aa2f8bbf037f1c3b5a11cbcbc568fc5f4a11ac9c071ee10,"""h9dogv2pli113lg""",,changed,raw/fsa.fhrs.ratings/2026/10/20261006T022030Z-0cb9d5bebd45.xml.gz,,
fsa.fhrs.ratings,https://ratings.food.gov.uk/api/open-data-files/FHRS504en-GB.xml,2026-10-06T02:20:33Z,200,text/xml,2450903,b686d7f6eb7cded08ec8a369fee0a9dc7f0f11dfafbdccecb670da96980623c6,"""cp3m2boimz1gj4b""",,changed,raw/fsa.fhrs.ratings/2026/10/20261006T022033Z-b686d7f6eb7c.xml.gz,,
fsa.fhrs.ratings,https://ratings.food.gov.uk/api/open-data-files/FHRS505en-GB.xml,2026-10-06T02:20:35Z,200,text/xml,2353894,aa691cf44305a83ccf598506f768779c1f52545d1a567a689a64c4554d9c7afe,"""4crx25f1v51eg7z""",,changed,raw/fsa.fhrs.ratings/2026/10/20261006T022035Z-aa691cf44305.xml.gz,,
fsa.fhrs.ratings,https://ratings.food.gov.uk/api/open-data-files/FHRS506en-GB.xml,2026-10-06T02:20:37Z,200,text/xml,4113003,eafcdac71b24cf5e9ba7294de139064d07fdcf4a5898d947d251e7626ba28857,"""169kfuhj9na2g5j9""",,changed,raw/fsa.fhrs.ratings/2026/10/20261006T022037Z-eafcdac71b24.xml.gz,,
fsa.fhrs.ratings,https://ratings.food.gov.uk/api/open-data-files/FHRS507en-GB.xml,2026-10-06T02:20:40Z,200,text/xml,3016389,a8f4ee0699709d74a8e63b5e7d915c8cacf36a4f4f7b764984a5e4b21cf26ca0,"""zl6281rkdw1sngd""",,changed,raw/fsa.fhrs.ratings/2026/10/20261006T022040Z-a8f4ee069970.xml.gz,,
fsa.fhrs.ratings,https://ratings.food.gov.uk/api/open-data-files/FHRS508en-GB.xml,2026-10-06T02:20:42Z,200,text/xml,1959998,e1927758845cc9f7742978069d9f4d8c717d191b6105afc8b19ac20ac443af6f,"""okgecsimsx160c8""",,changed,raw/fsa.fhrs.ratings/2026/10/20261006T022042Z-e1927758845c.xml.gz,,
fsa.fhrs.ratings,https://ratings.food.gov.uk/api/open-data-files/FHRS509en-GB.xml,2026-10-06T02:20:45Z,200,text/xml,3825973,492621c3bbcdc4e2d90ce087e8efaa65973af6338b763d449338868ed13a1b2d,"""15y6568ryn62a04o""",,changed,raw/fsa.fhrs.ratings/2026/10/20261006T022045Z-492621c3bbcd.xml.gz,,
fsa.fhrs.ratings,https://ratings.food.gov.uk/api/open-data-files/FHRS510en-GB.xml,2026-10-06T02:20:47Z,200,text/xml,2381279,234dace5f72114f841d87028694346b3cb8c0573ab681eb8ab7b1ed94e6bdafc,"""pzr7jeoo301f1en""",,changed,raw/fsa.fhrs.ratings/2026/10/20261006T022047Z-234dace5f721.xml.gz,,
fsa.fhrs.ratings,https://ratings.food.gov.uk/api/open-data-files/FHRS511en-GB.xml,2026-10-06T02:20:50Z,200,text/xml,2357976,6547a70d77cb7096f7f6a785ace215ea3bb9419300cb7219785c4b508f2436da,"""ha5yejmj8n1ejcb""",,changed,raw/fsa.fhrs.ratings/2026/10/20261006T022050Z-6547a70d77cb.xml.gz,,
fsa.fhrs.ratings,https://ratings.food.gov.uk/api/open-data-files/FHRS512en-GB.xml,2026-10-06T02:20:52Z,200,text/xml,2445511,5b1dc07ee3d07cc1166aba037a06fb6ae852cff59c0a395acde66eafdca11a86,"""h6uj75b6of1gewb""",,changed,raw/fsa.fhrs.ratings/2026/10/20261006T022052Z-5b1dc07ee3d0.xml.gz,,
fsa.fhrs.ratings,https://ratings.food.gov.uk/api/open-data-files/FHRS513en-GB.xml,2026-10-06T02:20:54Z,200,text/xml,2007522,88b3818b426a2fe5e1d8c922737557ad9728e6fdd17db2d858d6b6f12c4ddc43,"""e5dsip78ny17105""",,changed,raw/fsa.fhrs.ratings/2026/10/20261006T022054Z-88b3818b426a.xml.gz,,
fsa.fhrs.ratings,https://ratings.food.gov.uk/api/open-data-files/FHRS514en-GB.xml,2026-10-06T02:20:57Z,200,text/xml,1975125,f1af6810c68966b4b19c158b26e001972cd95e98e346479ddbd7991e7afb233b,"""gs29uiacim16bzb""",,changed,raw/fsa.fhrs.ratings/2026/10/20261006T022057Z-f1af6810c689.xml.gz,,
fsa.fhrs.ratings,https://ratings.food.gov.uk/api/open-data-files/FHRS515en-GB.xml,2026-10-06T02:20:59Z,200,text/xml,1792044,359484cfb42b98b1c3ddc1cb9355feb50acb48ff0e0950bca2946d54c01b511b,"""80e0mr11312eqw""",,changed,raw/fsa.fhrs.ratings/2026/10/20261006T022059Z-359484cfb42b.xml.gz,,
fsa.fhrs.ratings,https://ratings.food.gov.uk/api/open-data-files/FHRS516en-GB.xml,2026-10-06T02:21:02Z,200,text/xml,1875990,2f969594b4e3e444884c378d4851cba35d74f9bc2c5f5b3e3c298fecbd9b0a21,"""83wak55ttz147fx""",,changed,raw/fsa.fhrs.ratings/2026/10/20261006T022102Z-2f969594b4e3.xml.gz,,
fsa.fhrs.ratings,https://ratings.food.gov.uk/api/open-data-files/FHRS517en-GB.xml,2026-10-06T02:21:04Z,200,text/xml,2282085,245a88524457962958bc7a48660959331f8e092a8e73c78851d1fd40665aa6be,"""k0uy339x621cwv5""",,changed,raw/fsa.fhrs.ratings/2026/10/20261006T022104Z-245a88524457.xml.gz,,
fsa.fhrs.ratings,https://ratings.food.gov.uk/api/open-data-files/FHRS518en-GB.xml,2026-10-06T02:21:07Z,200,text/xml,2237248,01425fc0db028b2d41988944aa372aadd23dc111ea019a646260f0bc9c25f38d,"""ofhqegea3a1by50""",,changed,raw/fsa.fhrs.ratings/2026/10/20261006T022107Z-01425fc0db02.xml.gz,,
fsa.fhrs.ratings,https://ratings.food.gov.uk/api/open-data-files/FHRS519en-GB.xml,2026-10-06T02:21:09Z,200,text/xml,2753410,1d35ef5b12f24e00abf322e4c74807a316e748c251cac74e40e2689e35213deb,"""gyko5zs4521n0j6""",,changed,raw/fsa.fhrs.ratings/2026/10/20261006T022109Z-1d35ef5b12f2.xml.gz,,
fsa.fhrs.ratings,https://ratings.food.gov.uk/api/open-data-files/FHRS520en-GB.xml,2026-10-06T02:21:11Z,200,text/xml,1981615,c2702a7425bc9cd3568684f13f28f31c79afea7526c64ef34d01fe322bb30f36,"""4btiafltw216h0l""",,changed,raw/fsa.fhrs.ratings/2026/10/20261006T022111Z-c2702a7425bc.xml.gz,,
fsa.fhrs.ratings,https://ratings.food.gov.uk/api/open-data-files/FHRS521en-GB.xml,2026-10-06T02:21:14Z,200,text/xml,1410039,5641fd69cb84722c906a846c1b470e20e65b6da34065b57e4cfa602b7bb8bef3,"""f50061cb7pu7zn""",,changed,raw/fsa.fhrs.ratings/2026/10/20261006T022114Z-5641fd69cb84.xml.gz,,
fsa.fhrs.ratings,https://ratings.food.gov.uk/api/open-data-files/FHRS522en-GB.xml,2026-10-06T02:21:16Z,200,text/xml,2638296,042cbbe792cbcac1614187aa537e191b5b85ead6caab3a906400d7483745711f,"""abk5m6ubv91kjpx""",,changed,raw/fsa.fhrs.ratings/2026/10/20261006T022116Z-042cbbe792cb.xml.gz,,
fsa.fhrs.ratings,https://ratings.food.gov.uk/api/open-data-files/FHRS523en-GB.xml,2026-10-06T02:21:19Z,200,text/xml,2547780,07267a88f8997f2887334d33ae9508106029306c105cb5d43203f33696947cdd,"""cux6nbr6531ilvo""",,changed,raw/fsa.fhrs.ratings/2026/10/20261006T022119Z-07267a88f899.xml.gz,,
fsa.fhrs.ratings,https://ratings.food.gov.uk/api/open-data-files/FHRS524en-GB.xml,2026-10-06T02:21:21Z,200,text/xml,1553184,94eaaa24bb2c3c010d705b5f85660d4f7b8fde2afb42d919e072eda747394ac3,"""751p0j9s4hxaer""",,changed,raw/fsa.fhrs.ratings/2026/10/20261006T022121Z-94eaaa24bb2c.xml.gz,,
fsa.fhrs.ratings,https://ratings.food.gov.uk/api/open-data-files/FHRS525en-GB.xml,2026-10-06T02:21:23Z,200,text/xml,2660973,18efa5f06dcbd87d56279c595df047211855dbb39a1890f23d5dec499bc8af13,"""15qhyv0t1z21l17x""",,changed,raw/fsa.fhrs.ratings/2026/10/20261006T022123Z-18efa5f06dcb.xml.gz,,
fsa.fhrs.ratings,https://ratings.food.gov.uk/api/open-data-files/FHRS526en-GB.xml,2026-10-06T02:21:26Z,200,text/xml,2082266,a58740daeef5b72e318975264ed2c308f73797e9ffd4e6f17273377ab81d9b97,"""17fkmcf4g9j18mhu""",,changed,raw/fsa.fhrs.ratings/2026/10/20261006T022126Z-a58740daeef5.xml.gz,,
fsa.fhrs.ratings,https://ratings.food.gov.uk/api/open-data-files/FHRS527en-GB.xml,2026-10-06T02:21:29Z,200,text/xml,1618241,68b7008c2322bc6156365061d781ce1218411a225f70130602fddbf4cf30e8df,"""230ftuaoahyomk""",,changed,raw/fsa.fhrs.ratings/2026/10/20261006T022129Z-68b7008c2322.xml.gz,,
fsa.fhrs.ratings,https://ratings.food.gov.uk/api/open-data-files/FHRS528en-GB.xml,2026-10-06T02:21:30Z,200,text/xml,3312152,247b2370bf9a9c7f18aa3c01c1487db2996571ccc74e68b11191015edff8d8d5,"""h5fquwvltn1yzo5""",,changed,raw/fsa.fhrs.ratings/2026/10/20261006T022130Z-247b2370bf9a.xml.gz,,
fsa.fhrs.ratings,https://ratings.food.gov.uk/api/open-data-files/FHRS529en-GB.xml,2026-10-06T02:21:33Z,200,text/xml,1271547,d3f650f06537a4eda63689952117a9107b87f4e3c4434572717bb60668e0bfd5,"""9at69vck9rr94p""",,changed,raw/fsa.fhrs.ratings/2026/10/20261006T022133Z-d3f650f06537.xml.gz,,
fsa.fhrs.ratings,https://ratings.food.gov.uk/api/open-data-files/FHRS530en-GB.xml,2026-10-06T02:21:35Z,200,text/xml,3197947,2ec464e08afde698fe31d1a1b3038edaa48570e217af64b93f45ca6c8b7fdca1,"""grpoium9121wjjm""",,changed,raw/fsa.fhrs.ratings/2026/10/20261006T022135Z-2ec464e08afd.xml.gz,,
fsa.fhrs.ratings,https://ratings.food.gov.uk/api/open-data-files/FHRS531en-GB.xml,2026-10-06T02:21:38Z,200,text/xml,2006791,9eff9e7604e73003396596a25e44e681906de0e89de0b1770354efe87008ca30,"""yoakizo8y7170fb""",,changed,raw/fsa.fhrs.ratings/2026/10/20261006T022138Z-9eff9e7604e7.xml.gz,,
fsa.fhrs.ratings,https://ratings.food.gov.uk/api/open-data-files/FHRS532en-GB.xml,2026-10-06T02:21:40Z,200,text/xml,2911881,d8d63795bf8a339e362d851a323f4b0378fa5a073493c89bcac79407739df07a,"""qysni4o1m01qesp""",,changed,raw/fsa.fhrs.ratings/2026/10/20261006T022140Z-d8d63795bf8a.xml.gz,,
fsa.fhrs.ratings,https://ratings.food.gov.uk/api/open-data-files/FHRS533en-GB.xml,2026-10-06T02:21:42Z,200,text/xml,5711586,e8a34dc8e7f378125c41720bf003ab0d2d9ffa06788b7a2f60b05ed3f572b2ae,"""t05tinwqkk3ef21""",,changed,raw/fsa.fhrs.ratings/2026/10/20261006T022142Z-e8a34dc8e7f3.xml.gz,,
fsa.fhrs.ratings,https://ratings.food.gov.uk/api/open-data-files/FHRS550en-GB.xml,2026-10-06T02:21:45Z,200,text/xml,1590248,3ba9c8490ef4581747f232506a368a56db186bdbf04ef3cdd139c8884761ff08,"""17fm8nlo956y30p""",,changed,raw/fsa.fhrs.ratings/2026/10/20261006T022145Z-3ba9c8490ef4.xml.gz,,
fsa.fhrs.ratings,https://ratings.food.gov.uk/api/open-data-files/FHRS551en-GB.xml,2026-10-06T02:21:47Z,200,text/xml,804745,0af2c8e25ec2a0b5ccb91a096eeaa0cd63be659961a2d4aa624aa26665a51987,"""hbkaezwjemh8xt""",,changed,raw/fsa.fhrs.ratings/2026/10/20261006T022147Z-0af2c8e25ec2.xml.gz,,
fsa.fhrs.ratings,https://ratings.food.gov.uk/api/open-data-files/FHRS552en-GB.xml,2026-10-06T02:21:50Z,200,text/xml,685484,660c4f7cb04a888f95bd43346884adae77e78873748aaa2709880e1e621e8794,"""9hzew62gsmeows""",,changed,raw/fsa.fhrs.ratings/2026/10/20261006T022150Z-660c4f7cb04a.xml.gz,,
fsa.fhrs.ratings,https://ratings.food.gov.uk/api/open-data-files/FHRS553en-GB.xml,2026-10-06T02:21:52Z,200,text/xml,1341577,c220b8ecb69f3e59d69f4170db826c411e6f04380eef74eeb17e51925d1453a7,"""vjensdsbwesr4g""",,changed,raw/fsa.fhrs.ratings/2026/10/20261006T022152Z-c220b8ecb69f.xml.gz,,
fsa.fhrs.ratings,https://ratings.food.gov.uk/api/open-data-files/FHRS554en-GB.xml,2026-10-06T02:21:54Z,200,text/xml,2153364,22c40ba31b191c5c5692dfd6d76c638bd69c0d420121635654dabfd3c588a55b,"""t291hpi6df1a5ab""",,changed,raw/fsa.fhrs.ratings/2026/10/20261006T022154Z-22c40ba31b19.xml.gz,,
fsa.fhrs.ratings,https://ratings.food.gov.uk/api/open-data-files/FHRS555en-GB.xml,2026-10-06T02:21:57Z,200,text/xml,1586719,c227dda45c9615e8f83d15721fee6bfceb8c849af39a37f90213bd5c6c7cfe11,"""ikpdyv21yqy0a2""",,changed,raw/fsa.fhrs.ratings/2026/10/20261006T022157Z-c227dda45c96.xml.gz,,
fsa.fhrs.ratings,https://ratings.food.gov.uk/api/open-data-files/FHRS556en-GB.xml,2026-10-06T02:21:59Z,200,text/xml,3691961,28ad3275a9368374fd0ecf138123f51a58f294949c6844351a66e53b8d3c45ea,"""sqeoaea7kl274mk""",,changed,raw/fsa.fhrs.ratings/2026/10/20261006T022159Z-28ad3275a936.xml.gz,,
fsa.fhrs.ratings,https://ratings.food.gov.uk/api/open-data-files/FHRS557en-GB.xml,2026-10-06T02:22:02Z,200,text/xml,1075156,e9463e6fac4d1287c510c69be5641901cd27e2719ac619648a7753737af669c5,"""186z770t194n1kn""",,changed,raw/fsa.fhrs.ratings/2026/10/20261006T022202Z-e9463e6fac4d.xml.gz,,
fsa.fhrs.ratings,https://ratings.food.gov.uk/api/open-data-files/FHRS558en-GB.xml,2026-10-06T02:22:04Z,200,text/xml,2237892,a5dde0f2d5faaa0ccbb3ae7b2845f281aac7e6a7748c318bf35e41c013d043e2,"""x1ton9wstx1byr1""",,changed,raw/fsa.fhrs.ratings/2026/10/20261006T022204Z-a5dde0f2d5fa.xml.gz,,
fsa.fhrs.ratings,https://ratings.food.gov.uk/api/open-data-files/FHRS559en-GB.xml,2026-10-06T02:22:06Z,200,text/xml,1160134,2915726172c2da23722fc6d89aaf0ac191b2c6949d4ddf53fc0cf491204abcfb,"""who00z0lfeov50""",,changed,raw/fsa.fhrs.ratings/2026/10/20261006T022206Z-2915726172c2.xml.gz,,
fsa.fhrs.ratings,https://ratings.food.gov.uk/api/open-data-files/FHRS560en-GB.xml,2026-10-06T02:22:08Z,200,text/xml,1341636,b98da4a96fb3cb04f100b76a24884232b90556265d4941ebe11858afd7410aee,"""aaws3n1ch3sr7m""",,changed,raw/fsa.fhrs.ratings/2026/10/20261006T022208Z-b98da4a96fb3.xml.gz,,
fsa.fhrs.ratings,https://ratings.food.gov.uk/api/open-data-files/FHRS561en-GB.xml,2026-10-06T02:22:11Z,200,text/xml,574646,60b6ba89f9522f8cccbe0475549141f6f8a27994b629b594ee42772eb10b65ad,"""nqpqxtunarcbdu""",,changed,raw/fsa.fhrs.ratings/2026/10/20261006T022211Z-60b6ba89f952.xml.gz,,
fsa.fhrs.ratings,https://ratings.food.gov.uk/api/open-data-files/FHRS562en-GB.xml,2026-10-06T02:22:13Z,200,text/xml,1115318,2511c2b5ae001c3cf4bf73c5f80b94a615197eaa1e619dedf74bbce7156e4860,"""xwi0h1oq9snwl2""",,changed,raw/fsa.fhrs.ratings/2026/10/20261006T022213Z-2511c2b5ae00.xml.gz,,
fsa.fhrs.ratings,https://ratings.food.gov.uk/api/open-data-files/FHRS563en-GB.xml,2026-10-06T02:22:15Z,200,text/xml,1253190,0faca71195897712b654dd7b0f94b6242dc1bf0645220b9998d01b37fca62af4,"""kyq9oyx4zrquyk""",,changed,raw/fsa.fhrs.ratings/2026/10/20261006T022215Z-0faca7119589.xml.gz,,
fsa.fhrs.ratings,https://ratings.food.gov.uk/api/open-data-files/FHRS564en-GB.xml,2026-10-06T02:22:18Z,200,text/xml,1374660,9307e184a62a287da95c812b1c9c4ef80d33fa289c4de991b9e1cef52fe1745d,"""rm3vb2znz7tgoy""",,changed,raw/fsa.fhrs.ratings/2026/10/20261006T022218Z-9307e184a62a.xml.gz,,
fsa.fhrs.ratings,https://ratings.food.gov.uk/api/open-data-files/FHRS565en-GB.xml,2026-10-06T02:22:20Z,200,text/xml,2216043,e2550e6faad3098c2baed6b6855ee344ff2f94c8b013ca492a801f10ef0ba2c3,"""xprah14rw31bhvk""",,changed,raw/fsa.fhrs.ratings/2026/10/20261006T022220Z-e2550e6faad3.xml.gz,,
fsa.fhrs.ratings,https://ratings.food.gov.uk/api/open-data-files/FHRS566en-GB.xml,2026-10-06T02:22:22Z,200,text/xml,2502251,36e17a9acba1b383e6fa028e2a2de81e6469069de0f445abc27ff1dd94a4727f,"""pp1jqui27n1hmqy""",,changed,raw/fsa.fhrs.ratings/2026/10/20261006T022222Z-36e17a9acba1.xml.gz,,
fsa.fhrs.ratings,https://ratings.food.gov.uk/api/open-data-files/FHRS567en-GB.xml,2026-10-06T02:22:25Z,200,text/xml,2228676,5456a390292eff4b1039af2340f4bc1599144e4f47bd80229e7b4ba81d0cdd79,"""19zss4jx2f1brn6""",,changed,raw/fsa.fhrs.ratings/2026/10/20261006T022225Z-5456a390292e.xml.gz,,
fsa.fhrs.ratings,https://ratings.food.gov.uk/api/open-data-files/FHRS568en-GB.xml,2026-10-06T02:22:27Z,200,text/xml,2317598,b91f8851378ebc3c6d6323e2a8303ba1a0c116d3be4ab762f3aace183f4fadaa,"""182qx3j6lqh1do8p""",,changed,raw/fsa.fhrs.ratings/2026/10/20261006T022227Z-b91f8851378e.xml.gz,,
fsa.fhrs.ratings,https://ratings.food.gov.uk/api/open-data-files/FHRS569en-GB.xml,2026-10-06T02:22:30Z,200,text/xml,789360,fb758419747866311efdf27b2e6946fec9293b5b6fabc7ff1f70d0b63fdb9d68,"""334ktbgit7gx1s""",,changed,raw/fsa.fhrs.ratings/2026/10/20261006T022230Z-fb7584197478.xml.gz,,
fsa.fhrs.ratings,https://ratings.food.gov.uk/api/open-data-files/FHRS570en-GB.xml,2026-10-06T02:22:32Z,200,text/xml,1376050,cb4a420de4fd0a0bfe76a8d450da917a7179f5da20f7d7fa897c35ef13195a00,"""woz9ppew8dthq4""",,changed,raw/fsa.fhrs.ratings/2026/10/20261006T022232Z-cb4a420de4fd.xml.gz,,
fsa.fhrs.ratings,https://ratings.food.gov.uk/api/open-data-files/FHRS571en-GB.xml,2026-10-06T02:22:34Z,200,text/xml,1176645,d117388d841b0794dd2616f55b8a0ca05fb91870e817bb0cdd377f3daec7b273,"""168qdjcyrh1p7wh""",,changed,raw/fsa.fhrs.ratings/2026/10/20261006T022234Z-d117388d841b.xml.gz,,
fsa.fhrs.ratings,https://ratings.food.gov.uk/api/open-data-files/FHRS626en-GB.xml,2026-10-06T02:22:36Z,304,text/xml,5571,efd18b0227fabbbbe4788df621b666bf81ab9555cfdc64335d2bd2b334469b07,"""nt0t9eghc64ar""",,unchanged,raw/fsa.fhrs.ratings/2026/09/20260914T052513Z-efd18b0227fa.xml.gz,not_modified,
fsa.fhrs.ratings,https://ratings.food.gov.uk/api/open-data-files/FHRS648en-GB.xml,2026-10-06T02:22:38Z,304,text/xml,3321,573cf48237d603bdd92e9c600a5e520b0b471997878361369fc5aba85f8042a4,"""17yz70xd6fy2k9""",,unchanged,raw/fsa.fhrs.ratings/2026/09/20260914T052516Z-573cf48237d6.xml.gz,not_modified,
fsa.fhrs.ratings,https://ratings.food.gov.uk/api/open-data-files/FHRS701en-GB.xml,2026-10-06T02:22:40Z,200,text/xml,1510077,a5af28cd5299e4cb4e3bbb5069c5eff0915ef392e7ef54a877e35143c15e5eee,"""16qt55s2ab8wd4n""",,changed,raw/fsa.fhrs.ratings/2026/10/20261006T022240Z-a5af28cd5299.xml.gz,,
fsa.fhrs.ratings,https://ratings.food.gov.uk/api/open-data-files/FHRS702en-GB.xml,2026-10-06T02:22:43Z,200,text/xml,1784887,3cddba3c1be6a33486bd146e31bde5d32b1301ea9d102d621c7a45b90d75cd62,"""yo35gbz3be1297s""",,changed,raw/fsa.fhrs.ratings/2026/10/20261006T022243Z-3cddba3c1be6.xml.gz,,
fsa.fhrs.ratings,https://ratings.food.gov.uk/api/open-data-files/FHRS703en-GB.xml,2026-10-06T02:22:46Z,200,text/xml,3105598,208c7da4a69c3cdd3d2744250c077ce988f1cc14d0268226bb64f441451e7b29,"""r5idn9i8qh1uk8z""",,changed,raw/fsa.fhrs.ratings/2026/10/20261006T022246Z-208c7da4a69c.xml.gz,,
fsa.fhrs.ratings,https://ratings.food.gov.uk/api/open-data-files/FHRS704en-GB.xml,2026-10-06T02:22:48Z,200,text/xml,3137781,8b9f425ef8d44b1e35b78ed4c365fafbf4ab7a5d8e611937c82fa8a2bb5591f3,"""i80prjaroq1v94f""",,changed,raw/fsa.fhrs.ratings/2026/10/20261006T022248Z-8b9f425ef8d4.xml.gz,,
fsa.fhrs.ratings,https://ratings.food.gov.uk/api/open-data-files/FHRS705en-GB.xml,2026-10-06T02:22:50Z,200,text/xml,5556100,6801df064b023a05d0efb2f0801d53ef4718e4427ae58168de84164f7cac135d,"""a7o84y9v9k3b33k""",,changed,raw/fsa.fhrs.ratings/2026/10/20261006T022250Z-6801df064b02.xml.gz,,
fsa.fhrs.ratings,https://ratings.food.gov.uk/api/open-data-files/FHRS706en-GB.xml,2026-10-06T02:22:53Z,200,text/xml,4344049,f58cf8a6047b82933e1a0a61ec4119d5dbcfc749a67cdd6fab1cb125715fd5ef,"""j8osbgrxcv2l3vv""",,changed,raw/fsa.fhrs.ratings/2026/10/20261006T022253Z-f58cf8a6047b.xml.gz,,
fsa.fhrs.ratings,https://ratings.food.gov.uk/api/open-data-files/FHRS707en-GB.xml,2026-10-06T02:22:55Z,200,text/xml,3548264,a67eb45ae58f31278968ae8710ab478dfed544640cb76d783dcced1e74a4109e,"""5pslwnyvaj241uv""",,changed,raw/fsa.fhrs.ratings/2026/10/20261006T022255Z-a67eb45ae58f.xml.gz,,
fsa.fhrs.ratings,https://ratings.food.gov.uk/api/open-data-files/FHRS708en-GB.xml,2026-10-06T02:22:58Z,200,text/xml,3122618,8ee17f242c0395712e5b761536340f6badeb116b0965f7311083ec106997f504,"""wc20g9fzmv1uxe5""",,changed,raw/fsa.fhrs.ratings/2026/10/20261006T022258Z-8ee17f242c03.xml.gz,,
fsa.fhrs.ratings,https://ratings.food.gov.uk/api/open-data-files/FHRS709en-GB.xml,2026-10-06T02:23:00Z,200,text/xml,3921987,33d9dcaee3567f699b0735931d22c7d858905ae2ea7eb690ed80ac475a77a5a2,"""hp8horiwit2c27v""",,changed,raw/fsa.fhrs.ratings/2026/10/20261006T022300Z-33d9dcaee356.xml.gz,,
fsa.fhrs.ratings,https://ratings.food.gov.uk/api/open-data-files/FHRS760en-GB.xml,2026-10-06T02:23:03Z,200,text/xml,2053073,6ba11d094ceb3ee17df01f49d6ac219315667855e976e3ef0d74eb4a0d34d789,"""z1ikkqc2dx1805p""",,changed,raw/fsa.fhrs.ratings/2026/10/20261006T022303Z-6ba11d094ceb.xml.gz,,
fsa.fhrs.ratings,https://ratings.food.gov.uk/api/open-data-files/FHRS761en-GB.xml,2026-10-06T02:23:05Z,200,text/xml,2526676,851007f390531e5d8473d3db3ff590c58ac358bc82c710bc80bfe7ac27f88472,"""uorildc42s1i5le""",,changed,raw/fsa.fhrs.ratings/2026/10/20261006T022305Z-851007f39053.xml.gz,,
fsa.fhrs.ratings,https://ratings.food.gov.uk/api/open-data-files/FHRS762en-GB.xml,2026-10-06T02:23:08Z,200,text/xml,890774,8f1a5ecb3d091052b9fd2d926a7469685acbf074075af21e09378ad3669f5a01,"""104c0sa0b5lj3bn""",,changed,raw/fsa.fhrs.ratings/2026/10/20261006T022308Z-8f1a5ecb3d09.xml.gz,,
fsa.fhrs.ratings,https://ratings.food.gov.uk/api/open-data-files/FHRS763en-GB.xml,2026-10-06T02:23:10Z,200,text/xml,1120416,2f52fbf73a0f864a3d37645cabd17197544a499671c7a5aa8fa25319b99a46a4,"""5fhhoy9fugo0io""",,changed,raw/fsa.fhrs.ratings/2026/10/20261006T022310Z-2f52fbf73a0f.xml.gz,,
fsa.fhrs.ratings,https://ratings.food.gov.uk/api/open-data-files/FHRS764en-GB.xml,2026-10-06T02:23:12Z,200,text/xml,1138532,6b82e0c07247943f54a335fbc2ae65e95d5e7dca6100b594796a33527e52ed46,"""l61uy4vnn0oehw""",,changed,raw/fsa.fhrs.ratings/2026/10/20261006T022312Z-6b82e0c07247.xml.gz,,
fsa.fhrs.ratings,https://ratings.food.gov.uk/api/open-data-files/FHRS765en-GB.xml,2026-10-06T02:23:14Z,200,text/xml,1264535,7121a4dcc273034975df15fd86ea81d6fcd86848ac5e333f83aacb65d157e6ee,"""nnw5f12cq4r3pz""",,changed,raw/fsa.fhrs.ratings/2026/10/20261006T022314Z-7121a4dcc273.xml.gz,,
fsa.fhrs.ratings,https://ratings.food.gov.uk/api/open-data-files/FHRS766en-GB.xml,2026-10-06T02:23:17Z,200,text/xml,1050993,f044ade3f4c560230a1b578945535d024275bf005fe0791dd5271c13ce777259,"""8c9fxmd1hvmiy9""",,changed,raw/fsa.fhrs.ratings/2026/10/20261006T022317Z-f044ade3f4c5.xml.gz,,
fsa.fhrs.ratings,https://ratings.food.gov.uk/api/open-data-files/FHRS767en-GB.xml,2026-10-06T02:23:19Z,200,text/xml,1466226,6b78c1f7c539ce39773e3fcc5b3d5a0a42a95d7b5b07b46748edf965c4578a84,"""pgh4su8u8avfcf""",,changed,raw/fsa.fhrs.ratings/2026/10/20261006T022319Z-6b78c1f7c539.xml.gz,,
fsa.fhrs.ratings,https://ratings.food.gov.uk/api/open-data-files/FHRS768en-GB.xml,2026-10-06T02:23:21Z,200,text/xml,457466,d2b1cc713cdd682e306e3060957932c40cb51843457e7303e4c8043d51ade4de,"""k0dob5g9tn9sze""",,changed,raw/fsa.fhrs.ratings/2026/10/20261006T022321Z-d2b1cc713cdd.xml.gz,,
fsa.fhrs.ratings,https://ratings.food.gov.uk/api/open-data-files/FHRS769en-GB.xml,2026-10-06T02:23:24Z,200,text/xml,669815,5f24b54f1eb6bcdbba5ab7bceb5e9cfddd41a98408e17c7dae6ffcc01b215cd0,"""lr7h9z4aq1ecty""",,changed,raw/fsa.fhrs.ratings/2026/10/20261006T022324Z-5f24b54f1eb6.xml.gz,,
fsa.fhrs.ratings,https://ratings.food.gov.uk/api/open-data-files/FHRS770en-GB.xml,2026-10-06T02:23:26Z,200,text/xml,2195889,51089d63b4276bf1ea36af1bae1865bb86ff7eccfe86f90a872d640a367a04b6,"""dj0blwj9np1b2cs""",,changed,raw/fsa.fhrs.ratings/2026/10/20261006T022326Z-51089d63b427.xml.gz,,
fsa.fhrs.ratings,https://ratings.food.gov.uk/api/open-data-files/FHRS771en-GB.xml,2026-10-06T02:23:28Z,304,text/xml,665968,b539e525a0d1f19567cc4b54b4702150cc67fa52900521044ea1a5b3c9b91404,"""62ocq73groe9v4""",,unchanged,raw/fsa.fhrs.ratings/2026/09/20260914T052613Z-b539e525a0d1.xml.gz,not_modified,
fsa.fhrs.ratings,https://ratings.food.gov.uk/api/open-data-files/FHRS772en-GB.xml,2026-10-06T02:23:29Z,200,text/xml,1321542,9e25d490b11175fa99210ecdf2f477320eb50d0e7b878bdaef095e830d2214b2,"""d9zxjhmqh1sbpe""",,changed,raw/fsa.fhrs.ratings/2026/10/20261006T022329Z-9e25d490b111.xml.gz,,
fsa.fhrs.ratings,https://ratings.food.gov.uk/api/open-data-files/FHRS773en-GB.xml,2026-10-06T02:23:33Z,200,text/xml,4797465,5a44eeb946d112518f12b8a708b487a202643e5adaa2d2a4f02f0a22153887cb,"""117i4i3hvot2utn8""",,changed,raw/fsa.fhrs.ratings/2026/10/20261006T022333Z-5a44eeb946d1.xml.gz,,
fsa.fhrs.ratings,https://ratings.food.gov.uk/api/open-data-files/FHRS774en-GB.xml,2026-10-06T02:23:35Z,200,text/xml,1089185,77813d9e0a354969c685d562934b5c80e174e9afaa8270334f20e8ac00874afb,"""lxldodhamhncf5""",,changed,raw/fsa.fhrs.ratings/2026/10/20261006T022335Z-77813d9e0a35.xml.gz,,
fsa.fhrs.ratings,https://ratings.food.gov.uk/api/open-data-files/FHRS775en-GB.xml,2026-10-06T02:23:38Z,200,text/xml,4377399,26fdc41cc034a54a063b7ae267feadf9efc8dd0f8109a2fbe80bb6d4db7057e5,"""7xpz9stw4t2ltmb""",,changed,raw/fsa.fhrs.ratings/2026/10/20261006T022338Z-26fdc41cc034.xml.gz,,
fsa.fhrs.ratings,https://ratings.food.gov.uk/api/open-data-files/FHRS776en-GB.xml,2026-10-06T02:23:41Z,200,text/xml,6036291,e8f5d5d396b575f624d3e92139f7852011f1b7614234810075490110346dd86b,"""w9zb7jp1473ldmc""",,changed,raw/fsa.fhrs.ratings/2026/10/20261006T022341Z-e8f5d5d396b5.xml.gz,,
fsa.fhrs.ratings,https://ratings.food.gov.uk/api/open-data-files/FHRS777en-GB.xml,2026-10-06T02:23:44Z,200,text/xml,5491319,7aa5b9278291f1945b3cd2b04b7eba05c189edffc0fe2bf5f173bf354ff3b377,"""isr7nk60v039p4i""",,changed,raw/fsa.fhrs.ratings/2026/10/20261006T022344Z-7aa5b9278291.xml.gz,,
fsa.fhrs.ratings,https://ratings.food.gov.uk/api/open-data-files/FHRS778en-GB.xml,2026-10-06T02:23:46Z,200,text/xml,603860,25e2c4a617b70e6c9f3762f13255b654259b5079a4350ec93a69406daa4180ab,"""qxcyrfkw58cxxw""",,changed,raw/fsa.fhrs.ratings/2026/10/20261006T022346Z-25e2c4a617b7.xml.gz,,
fsa.fhrs.ratings,https://ratings.food.gov.uk/api/open-data-files/FHRS779en-GB.xml,2026-10-06T02:23:48Z,200,text/xml,2506017,6a3170256fe69169378c1f255ea04df0e4bcf6838fdcb6f9a337a7067b49fbae,"""tlfauozkux1hpnl""",,changed,raw/fsa.fhrs.ratings/2026/10/20261006T022348Z-6a3170256fe6.xml.gz,,
fsa.fhrs.ratings,https://ratings.food.gov.uk/api/open-data-files/FHRS780en-GB.xml,2026-10-06T02:23:50Z,200,text/xml,2392232,5beb872814d2b0348f4a2a179e70a436745c8f1c6fd762eceb0069a97c5718fe,"""182iglt7r8c1f9us""",,changed,raw/fsa.fhrs.ratings/2026/10/20261006T022350Z-5beb872814d2.xml.gz,,
fsa.fhrs.ratings,https://ratings.food.gov.uk/api/open-data-files/FHRS781en-GB.xml,2026-10-06T02:23:53Z,200,text/xml,786552,1eef3945eab0163ab7def5ed616e770b7cb47bec7c9ce43bbe7a933f72c74729,"""ajndn5u1yuguw1""",,changed,raw/fsa.fhrs.ratings/2026/10/20261006T022353Z-1eef3945eab0.xml.gz,,
fsa.fhrs.ratings,https://ratings.food.gov.uk/api/open-data-files/FHRS782en-GB.xml,2026-10-06T02:23:55Z,200,text/xml,1049908,0a344272b4841b7ab682e3cbb8ba93a7f61eb00afc207c66e6dd8decedd29e63,"""170084irt8wmi44""",,changed,raw/fsa.fhrs.ratings/2026/10/20261006T022355Z-0a344272b484.xml.gz,,
fsa.fhrs.ratings,https://ratings.food.gov.uk/api/open-data-files/FHRS783en-GB.xml,2026-10-06T02:23:57Z,200,text/xml,600842,0722c9df1767ee1b284cfb84f4f8a0d751e24d786ed59d7fe5eb0cf4f0b22541,"""27ryz0453bcvm1""",,changed,raw/fsa.fhrs.ratings/2026/10/20261006T022357Z-0722c9df1767.xml.gz,,
fsa.fhrs.ratings,https://ratings.food.gov.uk/api/open-data-files/FHRS784en-GB.xml,2026-10-06T02:24:00Z,304,text/xml,947797,b486a73468a30edf0ea08b2e7a2e6e1165c9972ea027a4f033302165000511c1,"""8n9fqryu0ekbbp""",,unchanged,raw/fsa.fhrs.ratings/2026/09/20260914T052653Z-b486a73468a3.xml.gz,not_modified,
fsa.fhrs.ratings,https://ratings.food.gov.uk/api/open-data-files/FHRS785en-GB.xml,2026-10-06T02:24:01Z,304,text/xml,406028,7d1b79851c7cf069ff260cdee23bcde57cb321c31edd0043465125a2918adbd6,"""893kex7v2z8pak""",,unchanged,raw/fsa.fhrs.ratings/2026/09/20260914T052655Z-7d1b79851c7c.xml.gz,not_modified,
fsa.fhrs.ratings,https://ratings.food.gov.uk/api/open-data-files/FHRS786en-GB.xml,2026-10-06T02:24:03Z,200,text/xml,1719791,18cb41f75953c9af10ef463c23ef156c614b6dfe686b608b19dd16ccc9c57382,"""ffhtyt1z5810uzd""",,changed,raw/fsa.fhrs.ratings/2026/10/20261006T022403Z-18cb41f75953.xml.gz,,
fsa.fhrs.ratings,https://ratings.food.gov.uk/api/open-data-files/FHRS787en-GB.xml,2026-10-06T02:24:06Z,200,text/xml,604613,91362bf8b71a33a7cdf313b046a795f7ae1780aa36fe6906451735e1f0fd81bb,"""oz9nmdm4k0cyit""",,changed,raw/fsa.fhrs.ratings/2026/10/20261006T022406Z-91362bf8b71a.xml.gz,,
fsa.fhrs.ratings,https://ratings.food.gov.uk/api/open-data-files/FHRS788en-GB.xml,2026-10-06T02:24:08Z,200,text/xml,1463766,923345ea70254076ab73ed4cf1be59fc37c4dca37a41c3932b56131d7b0277b3,"""defw914f5xvddp""",,changed,raw/fsa.fhrs.ratings/2026/10/20261006T022408Z-923345ea7025.xml.gz,,
fsa.fhrs.ratings,https://ratings.food.gov.uk/api/open-data-files/FHRS789en-GB.xml,2026-10-06T02:24:11Z,200,text/xml,257206,834f37f0f64b2d6c510827e21e83a3f9c2f19b28496a520a6ea744a72a93f842,"""59d8qfyvw05igm""",,changed,raw/fsa.fhrs.ratings/2026/10/20261006T022411Z-834f37f0f64b.xml.gz,,
fsa.fhrs.ratings,https://ratings.food.gov.uk/api/open-data-files/FHRS790en-GB.xml,2026-10-06T02:24:13Z,200,text/xml,1117174,b16c1ba7fd9bf84d091f201f89879eb1e78bf6c16279d0c18106b4c3f892ed03,"""16caf5hf6bdny0m""",,changed,raw/fsa.fhrs.ratings/2026/10/20261006T022413Z-b16c1ba7fd9b.xml.gz,,
fsa.fhrs.ratings,https://ratings.food.gov.uk/api/open-data-files/FHRS791en-GB.xml,2026-10-06T02:24:15Z,304,text/xml,523504,e17d43c32a92259cd01508738af086d879f33b5547c18a91150866cc94dfdc28,"""ufu2k143z6b7xp""",,unchanged,raw/fsa.fhrs.ratings/2026/09/20260914T052711Z-e17d43c32a92.xml.gz,not_modified,
fsa.fhrs.ratings,https://ratings.food.gov.uk/api/open-data-files/FHRS801en-GB.xml,2026-10-06T02:24:16Z,200,text/xml,1152467,812962fb3f885a49d4324c90666e5cc8f1ccad63581ac8ac91144da661ac9eb6,"""jlvjxdc4wtop89""",,changed,raw/fsa.fhrs.ratings/2026/10/20261006T022416Z-812962fb3f88.xml.gz,,
fsa.fhrs.ratings,https://ratings.food.gov.uk/api/open-data-files/FHRS802en-GB.xml,2026-10-06T02:24:20Z,200,text/xml,1318425,2b281a5a25ab7c7d9d8bb1fee548fc485dfb73023c729addaf10faae2096b5c5,"""v2cpbvit11s9a3""",,changed,raw/fsa.fhrs.ratings/2026/10/20261006T022420Z-2b281a5a25ab.xml.gz,,
fsa.fhrs.ratings,https://ratings.food.gov.uk/api/open-data-files/FHRS803en-GB.xml,2026-10-06T02:24:22Z,200,text/xml,1972003,c047beeb8459707edbb8298c0b538bea2cc3302516d2b8631187680fff5d407d,"""aprnjlkv08169jm""",,changed,raw/fsa.fhrs.ratings/2026/10/20261006T022422Z-c047beeb8459.xml.gz,,
fsa.fhrs.ratings,https://ratings.food.gov.uk/api/open-data-files/FHRS804en-GB.xml,2026-10-06T02:24:25Z,200,text/xml,1216609,3563bedfe3f3d68a77994247aa328721660cbdad21795df87a84766991720de0,"""5q8rhtrzffq2ph""",,changed,raw/fsa.fhrs.ratings/2026/10/20261006T022425Z-3563bedfe3f3.xml.gz,,
fsa.fhrs.ratings,https://ratings.food.gov.uk/api/open-data-files/FHRS805en-GB.xml,2026-10-06T02:24:27Z,200,text/xml,1527685,bbab7b00a04b97bdbe540cdfb10fb9e1c8ade6d57181631ea59c63d81f79a736,"""hkm75ldfdmwqqn""",,changed,raw/fsa.fhrs.ratings/2026/10/20261006T022427Z-bbab7b00a04b.xml.gz,,
fsa.fhrs.ratings,https://ratings.food.gov.uk/api/open-data-files/FHRS807en-GB.xml,2026-10-06T02:24:29Z,200,text/xml,3364055,f7ca2bcb1f98924497fad2bc5ab440622b88ff4a294687e48196cb4f54943f93,"""idsowre1hg203oq""",,changed,raw/fsa.fhrs.ratings/2026/10/20261006T022429Z-f7ca2bcb1f98.xml.gz,,
fsa.fhrs.ratings,https://ratings.food.gov.uk/api/open-data-files/FHRS809en-GB.xml,2026-10-06T02:24:32Z,200,text/xml,950132,ed603fff54b3aab0c3a9bbdd27a68b34141704b0909c8436c9c6332e66803e4c,"""kug1nghs1kkd38""",,changed,raw/fsa.fhrs.ratings/2026/10/20261006T022432Z-ed603fff54b3.xml.gz,,
fsa.fhrs.ratings,https://ratings.food.gov.uk/api/open-data-files/FHRS811en-GB.xml,2026-10-06T02:24:34Z,200,text/xml,1430647,b83a20913773bf8b27b5685df1e3684a95e5a534898cb170573c17586f05123e,"""sbzuatvqkiunvf""",,changed,raw/fsa.fhrs.ratings/2026/10/20261006T022434Z-b83a20913773.xml.gz,,
fsa.fhrs.ratings,https://ratings.food.gov.uk/api/open-data-files/FHRS813en-GB.xml,2026-10-06T02:24:36Z,200,text/xml,1379357,d052a476813d939e43394b823845ec4ce083e1a55f22c7643ad458614efca921,"""zeu7c7u11ntkai""",,changed,raw/fsa.fhrs.ratings/2026/10/20261006T022436Z-d052a476813d.xml.gz,,
fsa.fhrs.ratings,https://ratings.food.gov.uk/api/open-data-files/FHRS814en-GB.xml,2026-10-06T02:24:38Z,200,text/xml,1747341,5dabfd2a64d829690a7cabbca856279c6cfcdfe316b67935db587681dc15ab02,"""ejvae2c17i11g7a""",,changed,raw/fsa.fhrs.ratings/2026/10/20261006T022438Z-5dabfd2a64d8.xml.gz,,
fsa.fhrs.ratings,https://ratings.food.gov.uk/api/open-data-files/FHRS816en-GB.xml,2026-10-06T02:24:41Z,200,text/xml,1463797,ae58534541d36bf8c9af42ccee519d9b3532003a204f9f56f7edc66cac04d471,"""qnku3lhv3lvdfe""",,changed,raw/fsa.fhrs.ratings/2026/10/20261006T022441Z-ae58534541d3.xml.gz,,
fsa.fhrs.ratings,https://ratings.food.gov.uk/api/open-data-files/FHRS855en-GB.xml,2026-10-06T02:24:43Z,200,text/xml,4425319,4f762efe848d9992ddf2b6be9c8cd3fc0da9e98a7fb961e02f0faba0c7d6e298,"""1nunpzkpjl2muj8""",,changed,raw/fsa.fhrs.ratings/2026/10/20261006T022443Z-4f762efe848d.xml.gz,,
fsa.fhrs.ratings,https://ratings.food.gov.uk/api/open-data-files/FHRS856en-GB.xml,2026-10-06T02:24:46Z,200,text/xml,2112789,dba0f88b6cc53e8efe61f6710720d63f307ee589c2eaeadf246e313350b4d65b,"""zptcszhq5j19a8i""",,changed,raw/fsa.fhrs.ratings/2026/10/20261006T022446Z-dba0f88b6cc5.xml.gz,,
fsa.fhrs.ratings,https://ratings.food.gov.uk/api/open-data-files/FHRS857en-GB.xml,2026-10-06T02:24:48Z,200,text/xml,1995547,f40947e999b15b4d9f0307a0be633832abe3393e451138821d2f5b2e649a1a27,"""t42b8dgsz216rri""",,changed,raw/fsa.fhrs.ratings/2026/10/20261006T022448Z-f40947e999b1.xml.gz,,
fsa.fhrs.ratings,https://ratings.food.gov.uk/api/open-data-files/FHRS858en-GB.xml,2026-10-06T02:24:51Z,200,text/xml,1736155,b74cb7323274562665f3d9ee713d1cd509f3e02ecd2c7ca41bdc14ca7c925225,"""9dky23ao3c117md""",,changed,raw/fsa.fhrs.ratings/2026/10/20261006T022451Z-b74cb7323274.xml.gz,,
fsa.fhrs.ratings,https://ratings.food.gov.uk/api/open-data-files/FHRS859en-GB.xml,2026-10-06T02:24:53Z,200,text/xml,744674,699b0e8681b6eed7402058c3bd6cfb99fc0aca1207e505ad5b0307522df8d32b,"""dtxgbbqu03fyle""",,changed,raw/fsa.fhrs.ratings/2026/10/20261006T022453Z-699b0e8681b6.xml.gz,,
fsa.fhrs.ratings,https://ratings.food.gov.uk/api/open-data-files/FHRS860en-GB.xml,2026-10-06T02:24:55Z,200,text/xml,1199990,3669c97bc95e0464113ca0da3de91a426f21e579d694da1d1ae64d47859dd034,"""10qvp0ryv7qppwb""",,changed,raw/fsa.fhrs.ratings/2026/10/20261006T022455Z-3669c97bc95e.xml.gz,,
fsa.fhrs.ratings,https://ratings.food.gov.uk/api/open-data-files/FHRS861en-GB.xml,2026-10-06T02:24:57Z,200,text/xml,1115471,9bd02da705664be27444254bf6dbda90333b44cf829b1a4319dccc84cc32f530,"""11vrwcq1v6gnwnm""",,changed,raw/fsa.fhrs.ratings/2026/10/20261006T022457Z-9bd02da70566.xml.gz,,
fsa.fhrs.ratings,https://ratings.food.gov.uk/api/open-data-files/FHRS862en-GB.xml,2026-10-06T02:25:00Z,200,text/xml,1541915,63ad6a6ea97936794b44c1f938ef98ee9a4eb3eb346fa39cc27eace344641f9c,"""rgoxvcja36x1qz""",,changed,raw/fsa.fhrs.ratings/2026/10/20261006T022500Z-63ad6a6ea979.xml.gz,,
fsa.fhrs.ratings,https://ratings.food.gov.uk/api/open-data-files/FHRS863en-GB.xml,2026-10-06T02:25:02Z,200,text/xml,3119823,983631c9dd6d0a381df4353173753473e0a97820d2ed33eb6958fcfd48d3e13e,"""nnylyhe0671uv80""",,changed,raw/fsa.fhrs.ratings/2026/10/20261006T022502Z-983631c9dd6d.xml.gz,,
fsa.fhrs.ratings,https://ratings.food.gov.uk/api/open-data-files/FHRS864en-GB.xml,2026-10-06T02:25:05Z,200,text/xml,1582557,d5de7cd7a4124f6d46827a1830d4edd643e1cc84c4d7699d641719108b364ef3,"""k5hkp39icsxx2z""",,changed,raw/fsa.fhrs.ratings/2026/10/20261006T022505Z-d5de7cd7a412.xml.gz,,
fsa.fhrs.ratings,https://ratings.food.gov.uk/api/open-data-files/FHRS865en-GB.xml,2026-10-06T02:25:07Z,200,text/xml,1639807,ac5ac6facbc8d986e79a8a129fc135bb112c6c14f852028f3063b6eb2029ae57,"""o5qf2uba51z58h""",,changed,raw/fsa.fhrs.ratings/2026/10/20261006T022507Z-ac5ac6facbc8.xml.gz,,
fsa.fhrs.ratings,https://ratings.food.gov.uk/api/open-data-files/FHRS866en-GB.xml,2026-10-06T02:25:10Z,200,text/xml,2274227,edb74af7f94202f7fdc75829162966cff143aa4d53d618b31454c677bf301e79,"""qgi86hvcao1cqs4""",,changed,raw/fsa.fhrs.ratings/2026/10/20261006T022510Z-edb74af7f942.xml.gz,,
fsa.fhrs.ratings,https://ratings.food.gov.uk/api/open-data-files/FHRS867en-GB.xml,2026-10-06T02:25:12Z,200,text/xml,1777891,c476636ca5756a821a4a2cbae0e06fe38e3a7e8261d814fb15b9da179998cd58,"""17dr10ijdxk123tu""",,changed,raw/fsa.fhrs.ratings/2026/10/20261006T022512Z-c476636ca575.xml.gz,,
fsa.fhrs.ratings,https://ratings.food.gov.uk/api/open-data-files/FHRS868en-GB.xml,2026-10-06T02:25:15Z,200,text/xml,2112733,c30a729383e8829e50e59c961187da94e1e764751a4203b2467a30cd3cde9de7,"""r8ftlyr27t19a5i""",,changed,raw/fsa.fhrs.ratings/2026/10/20261006T022515Z-c30a729383e8.xml.gz,,
fsa.fhrs.ratings,https://ratings.food.gov.uk/api/open-data-files/FHRS869en-GB.xml,2026-10-06T02:25:17Z,200,text/xml,1614779,105ecebebe2c7220a4fe4858b9651d581e89cb27e96baca6a15f628f67f502c6,"""kzdnobfu02ylw5""",,changed,raw/fsa.fhrs.ratings/2026/10/20261006T022517Z-105ecebebe2c.xml.gz,,
fsa.fhrs.ratings,https://ratings.food.gov.uk/api/open-data-files/FHRS870en-GB.xml,2026-10-06T02:25:19Z,200,text/xml,2477225,f83336c857065736f543b637bd42f657a86169807e1e6fa4008c0e27995f96be,"""n83wx3s5s41h3fk""",,changed,raw/fsa.fhrs.ratings/2026/10/20261006T022519Z-f83336c85706.xml.gz,,
fsa.fhrs.ratings,https://ratings.food.gov.uk/api/open-data-files/FHRS871en-GB.xml,2026-10-06T02:25:22Z,200,text/xml,2210875,8f527ab753db4fc0aa2fe8f8a3d0189d0720c485c4e514d3d8ffd4c658fc604a,"""104qngvf1gm1bdvo""",,changed,raw/fsa.fhrs.ratings/2026/10/20261006T022522Z-8f527ab753db.xml.gz,,
fsa.fhrs.ratings,https://ratings.food.gov.uk/api/open-data-files/FHRS872en-GB.xml,2026-10-06T02:25:24Z,200,text/xml,3489808,c17133f036944ebefedde9aaa387541d08b239cace73216e099c873bfd2ad185,"""dhvhfd36hu22spp""",,changed,raw/fsa.fhrs.ratings/2026/10/20261006T022524Z-c17133f03694.xml.gz,,
fsa.fhrs.ratings,https://ratings.food.gov.uk/api/open-data-files/FHRS874en-GB.xml,2026-10-06T02:25:26Z,200,text/xml,907595,b10d66586d6273483d02e4351c5c07c9dc8ac300157bdd0f6c02aeb81143989e,"""qwwyk9dhgxjgaz""",,changed,raw/fsa.fhrs.ratings/2026/10/20261006T022526Z-b10d66586d62.xml.gz,,
fsa.fhrs.ratings,https://ratings.food.gov.uk/api/open-data-files/FHRS875en-GB.xml,2026-10-06T02:25:29Z,200,text/xml,3029544,e768c8c409de38c8e2bc38990ff1e7171952b66fa43a96f10be1520f72f245d7,"""wauj9d82ux1sxlv""",,changed,raw/fsa.fhrs.ratings/2026/10/20261006T022529Z-e768c8c409de.xml.gz,,
fsa.fhrs.ratings,https://ratings.food.gov.uk/api/open-data-files/FHRS876en-GB.xml,2026-10-06T02:25:31Z,200,text/xml,1792743,646694db04ac11764cfbdf9cd7de237c4e35ff0f80b5bb1a4774a53a32d524e5,"""63k6lgh53n12f9g""",,changed,raw/fsa.fhrs.ratings/2026/10/20261006T022531Z-646694db04ac.xml.gz,,
fsa.fhrs.ratings,https://ratings.food.gov.uk/api/open-data-files/FHRS877en-GB.xml,2026-10-06T02:25:33Z,200,text/xml,1693107,32466e11b412f50749142c57b952003584e000d0e95a79150ddd6d29db4be98c,"""lbdc6y531x10aeq""",,changed,raw/fsa.fhrs.ratings/2026/10/20261006T022533Z-32466e11b412.xml.gz,,
fsa.fhrs.ratings,https://ratings.food.gov.uk/api/open-data-files/FHRS878en-GB.xml,2026-10-06T02:25:36Z,200,text/xml,3411908,3bfb5e8431d92527be912702695c0b9d780c01c11b4ff8fe7d407d59b8dcf664,"""2200807715214mt""",,changed,raw/fsa.fhrs.ratings/2026/10/20261006T022536Z-3bfb5e8431d9.xml.gz,,
fsa.fhrs.ratings,https://ratings.food.gov.uk/api/open-data-files/FHRS879en-GB.xml,2026-10-06T02:25:39Z,200,text/xml,457698,f0ec372867368e7b128dcd0dbd1d95f4b1063bda84b7fb4ad46249c1f9fd22a3,"""uhkhzpeigu9t50""",,changed,raw/fsa.fhrs.ratings/2026/10/20261006T022539Z-f0ec37286736.xml.gz,,
fsa.fhrs.ratings,https://ratings.food.gov.uk/api/open-data-files/FHRS880en-GB.xml,2026-10-06T02:25:41Z,200,text/xml,2237303,93897317f4e22600e34191c5831529b657668eb76eb9eed2421d7233904703dd,"""3q9cyncx3u1by99""",,changed,raw/fsa.fhrs.ratings/2026/10/20261006T022541Z-93897317f4e2.xml.gz,,
fsa.fhrs.ratings,https://ratings.food.gov.uk/api/open-data-files/FHRS881en-GB.xml,2026-10-06T02:25:43Z,200,text/xml,1645082,6abf82c91c317baf4e5a98f08a9e4aa7de2552137ee8ce03e3ecd37b15dfb284,"""8orcf1y1bqz9ck""",,changed,raw/fsa.fhrs.ratings/2026/10/20261006T022543Z-6abf82c91c31.xml.gz,,
fsa.fhrs.ratings,https://ratings.food.gov.uk/api/open-data-files/FHRS882en-GB.xml,2026-10-06T02:25:45Z,200,text/xml,804243,c858529a814e6c028901c0b23db2f73f747d88640b3dbb29a545c5792acea01e,"""t4jf3ysu6dh8iw""",,changed,raw/fsa.fhrs.ratings/2026/10/20261006T022545Z-c858529a814e.xml.gz,,
fsa.fhrs.ratings,https://ratings.food.gov.uk/api/open-data-files/FHRS883en-GB.xml,2026-10-06T02:25:48Z,200,text/xml,1278910,45f0dfe0ee57a7fa6922cc811600bd41d5484fcbc43393ebf0f31133191bc6cb,"""2tv9gzsq3dres7""",,changed,raw/fsa.fhrs.ratings/2026/10/20261006T022548Z-45f0dfe0ee57.xml.gz,,
fsa.fhrs.ratings,https://ratings.food.gov.uk/api/open-data-files/FHRS884en-GB.xml,2026-10-06T02:25:50Z,200,text/xml,1423336,0ee2934c78aea65aec37c80c4587e46cac2ce7d3a011edcc2a0b56901a67319a,"""e7ojobp55rui8x""",,changed,raw/fsa.fhrs.ratings/2026/10/20261006T022550Z-0ee2934c78ae.xml.gz,,
fsa.fhrs.ratings,https://ratings.food.gov.uk/api/open-data-files/FHRS885en-GB.xml,2026-10-06T02:25:52Z,200,text/xml,949262,af89c9cbe951e6592abc71a667e3a0000a7b05f528319dea8b1878a61bf769ff,"""m0lgwn5qwjkcgd""",,changed,raw/fsa.fhrs.ratings/2026/10/20261006T022552Z-af89c9cbe951.xml.gz,,
fsa.fhrs.ratings,https://ratings.food.gov.uk/api/open-data-files/FHRS886en-GB.xml,2026-10-06T02:25:55Z,200,text/xml,1619737,555c741edc06166eadd192a820a7bd2b6b152fc8abfd714e9451cfc1b0085931,"""rsyls246feypsl""",,changed,raw/fsa.fhrs.ratings/2026/10/20261006T022555Z-555c741edc06.xml.gz,,
fsa.fhrs.ratings,https://ratings.food.gov.uk/api/open-data-files/FHRS887en-GB.xml,2026-10-06T02:25:57Z,200,text/xml,1076690,0feab5b620638968862211ef92cd895f3cb02a9b203aa4b1333a04c229e2f769,"""nan2sgzf6cn2rr""",,changed,raw/fsa.fhrs.ratings/2026/10/20261006T022557Z-0feab5b62063.xml.gz,,
fsa.fhrs.ratings,https://ratings.food.gov.uk/api/open-data-files/FHRS888en-GB.xml,2026-10-06T02:25:59Z,200,text/xml,1984585,3dc0263199048eb7611dbea6c92acd3a61aa080ce7d7e1bfa7c9f24246678848,"""xd3lspifoc16j6g""",,changed,raw/fsa.fhrs.ratings/2026/10/20261006T022559Z-3dc026319904.xml.gz,,
fsa.fhrs.ratings,https://ratings.food.gov.uk/api/open-data-files/FHRS889en-GB.xml,2026-10-06T02:26:02Z,200,text/xml,883153,09083a5b8f6b96c8b6d253923b50e7721b65e903cb898cb3c8077950f06b722c,"""h08vmk606nixg1""",,changed,raw/fsa.fhrs.ratings/2026/10/20261006T022602Z-09083a5b8f6b.xml.gz,,
fsa.fhrs.ratings,https://ratings.food.gov.uk/api/open-data-files/FHRS890en-GB.xml,2026-10-06T02:26:04Z,200,text/xml,1626259,76aa611ef637a45f5d102cfcdcdd372c0e17eab39eb94945a97a13013b5dfed6,"""179d2bikkjgyusn""",,changed,raw/fsa.fhrs.ratings/2026/10/20261006T022604Z-76aa611ef637.xml.gz,,
fsa.fhrs.ratings,https://ratings.food.gov.uk/api/open-data-files/FHRS891en-GB.xml,2026-10-06T02:26:06Z,200,text/xml,1792487,49eae0f2ff44dae61764e9255d6590c50487d44b54106aefd688cc515f08987d,"""16qa88snvhi12f2j""",,changed,raw/fsa.fhrs.ratings/2026/10/20261006T022606Z-49eae0f2ff44.xml.gz,,
fsa.fhrs.ratings,https://ratings.food.gov.uk/api/open-data-files/FHRS892en-GB.xml,2026-10-06T02:26:09Z,200,text/xml,1397041,a57bf05f9e2bbf68d0dbd40b2e5549c298b3703d5497ed2cdf17b3375f60bc43,"""3un8gydtyhtxya""",,changed,raw/fsa.fhrs.ratings/2026/10/20261006T022609Z-a57bf05f9e2b.xml.gz,,
fsa.fhrs.ratings,https://ratings.food.gov.uk/api/open-data-files/FHRS893en-GB.xml,2026-10-06T02:26:11Z,200,text/xml,1527739,c9c420445b31145d4885d4460a39bad0006c3648eda344d304a71d4c88e92348,"""lqczb3pzuewqt4""",,changed,raw/fsa.fhrs.ratings/2026/10/20261006T022611Z-c9c420445b31.xml.gz,,
fsa.fhrs.ratings,https://ratings.food.gov.uk/api/open-data-files/FHRS894en-GB.xml,2026-10-06T02:26:13Z,200,text/xml,1302436,cf76b3b2c1b5d25cfff79ec775a76cd5984d43726b0e0ab997849248a7f6ebde,"""146nehygrfprwyl""",,changed,raw/fsa.fhrs.ratings/2026/10/20261006T022613Z-cf76b3b2c1b5.xml.gz,,
fsa.fhrs.ratings,https://ratings.food.gov.uk/api/open-data-files/FHRS895en-GB.xml,2026-10-06T02:26:16Z,200,text/xml,1718002,80566135d21c349a96b4345ac1336fd1f383ef0c14ed211b60454e96f77b63f9,"""12j28a7l42f10tj4""",,changed,raw/fsa.fhrs.ratings/2026/10/20261006T022616Z-80566135d21c.xml.gz,,
fsa.fhrs.ratings,https://ratings.food.gov.uk/api/open-data-files/FHRS896en-GB.xml,2026-10-06T02:26:18Z,200,text/xml,2093494,f5c753db959c8529ffafdd31882dc4dd56f9b382a1182a1563517ce656b08d21,"""tpiijz6ood18vcc""",,changed,raw/fsa.fhrs.ratings/2026/10/20261006T022618Z-f5c753db959c.xml.gz,,
fsa.fhrs.ratings,https://ratings.food.gov.uk/api/open-data-files/FHRS897en-GB.xml,2026-10-06T02:26:21Z,200,text/xml,1338141,c4edb6336714bdca2000b99899d2f7970ddad7afdd076e8b0998b4f71b1833ff,"""12sthkb7bbssoi7""",,changed,raw/fsa.fhrs.ratings/2026/10/20261006T022621Z-c4edb6336714.xml.gz,,
fsa.fhrs.ratings,https://ratings.food.gov.uk/api/open-data-files/FHRS898en-GB.xml,2026-10-06T02:26:23Z,200,text/xml,1717742,54ddff6e5b3f17aabbdd1d9c380833be782524ac4184e7f8a2814827f2564cc7,"""sgwp5rv68m10tes""",,changed,raw/fsa.fhrs.ratings/2026/10/20261006T022623Z-54ddff6e5b3f.xml.gz,,
fsa.fhrs.ratings,https://ratings.food.gov.uk/api/open-data-files/FHRS899en-GB.xml,2026-10-06T02:26:25Z,200,text/xml,3054281,1dfbf602420b3f942ae855cef54deedcae19e1fd181cc359b7ecab645fdb680d,"""109g41u9s971tgl8""",,changed,raw/fsa.fhrs.ratings/2026/10/20261006T022625Z-1dfbf602420b.xml.gz,,
fsa.fhrs.ratings,https://ratings.food.gov.uk/api/open-data-files/FHRS900en-GB.xml,2026-10-06T02:26:28Z,200,text/xml,1399552,5cc4821788f657fec092ad131762f5762ebb2fa127a8066117b5d1b1e35a33bf,"""1ma44hze9ptzuw""",,changed,raw/fsa.fhrs.ratings/2026/10/20261006T022628Z-5cc4821788f6.xml.gz,,
